timestampNs,gnssAvailable,mode,lat,lon,speedMps,bearingDegrees,covarianceRadius95M,acceptedFixAgeSeconds,rejectedFixes,discontinuities
10000000,true,GNSS_AIDED,28.0,77.0,10.0,0.0,4.895303872079853,0.0,0,0
20000000,false,GNSS_AIDED,28.000000899321606,77.0,10.0,0.0,4.896955758427883,0.01,0,0
30000000,false,GNSS_AIDED,28.00000179864321,77.0,10.0,0.0,4.901663820814061,0.02,0,0
40000000,false,GNSS_AIDED,28.000002697964817,77.0,10.0,0.0,4.909419642004349,0.03,0,0
50000000,false,GNSS_AIDED,28.000003597286423,77.0,10.0,0.0,4.92020919284902,0.04,0,0
60000000,false,GNSS_AIDED,28.000004496608028,77.0,10.0,0.0,4.934012962769511,0.05,0,0
70000000,false,GNSS_AIDED,28.000005395929634,77.0,10.0,0.0,4.950806138552084,0.06,0,0
80000000,false,GNSS_AIDED,28.000006295251243,77.0,10.0,0.0,4.970558827697322,0.07,0,0
90000000,false,GNSS_AIDED,28.00000719457285,77.0,10.0,0.0,4.993236321750302,0.08,0,0
100000000,false,GNSS_AIDED,28.000008093894454,77.0,10.0,0.0,5.018799394376725,0.09,0,0
110000000,false,GNSS_AIDED,28.00000899321606,77.0,10.0,0.0,5.047204628472093,0.1,0,0
120000000,false,GNSS_AIDED,28.000009892537665,77.0,10.0,0.0,5.0784047663004666,0.11,0,0
130000000,false,GNSS_AIDED,28.00001079185927,77.0,10.0,0.0,5.112349076554542,0.12,0,0
140000000,false,GNSS_AIDED,28.000011691180877,77.0,10.0,0.0,5.148983732298807,0.13,0,0
150000000,false,GNSS_AIDED,28.000012590502482,77.0,10.0,0.0,5.188252193985002,0.14,0,0
160000000,false,GNSS_AIDED,28.000013489824088,77.0,10.0,0.0,5.230095592091155,0.15,0,0
170000000,false,GNSS_AIDED,28.000014389145694,77.0,10.0,0.0,5.274453104406078,0.16,0,0
180000000,false,GNSS_AIDED,28.0000152884673,77.0,10.0,0.0,5.321262323532449,0.17,0,0
190000000,false,GNSS_AIDED,28.000016187788905,77.0,10.0,0.0,5.370459610786065,0.18,0,0
200000000,false,GNSS_AIDED,28.000017087110514,77.0,10.0,0.0,5.421980433300064,0.19,0,0
210000000,false,GNSS_AIDED,28.00001798643212,77.0,10.0,0.0,5.475759681777455,0.2,0,0
220000000,false,GNSS_AIDED,28.000018885753725,77.0,10.0,0.0,5.531731966952759,0.21,0,0
230000000,false,GNSS_AIDED,28.00001978507533,77.0,10.0,0.0,5.589831893407427,0.22,0,0
240000000,false,GNSS_AIDED,28.000020684396937,77.0,10.0,0.0,5.649994309921333,0.23,0,0
250000000,false,GNSS_AIDED,28.000021583718542,77.0,10.0,0.0,5.71215453602524,0.24,0,0
260000000,false,GNSS_AIDED,28.000022483040148,77.0,10.0,0.0,5.776248564841264,0.25,0,0
270000000,false,GNSS_AIDED,28.000023382361753,77.0,10.0,0.0,5.842213242657894,0.26,0,0
280000000,false,GNSS_AIDED,28.00002428168336,77.0,10.0,0.0,5.9099864259833295,0.27,0,0
290000000,false,GNSS_AIDED,28.000025181004965,77.0,10.0,0.0,5.97950711705818,0.28,0,0
300000000,false,GNSS_AIDED,28.00002608032657,77.0,10.0,0.0,6.050715578989912,0.29,0,0
310000000,false,GNSS_AIDED,28.000026979648176,77.0,10.0,0.0,6.123553431801831,0.3,0,0
320000000,false,GNSS_AIDED,28.000027878969785,77.0,10.0,0.0,6.197963730774542,0.31,0,0
330000000,false,GNSS_AIDED,28.00002877829139,77.0,10.0,0.0,6.27389102850373,0.32,0,0
340000000,false,GNSS_AIDED,28.000029677612996,77.0,10.0,0.0,6.351281422110641,0.33,0,0
350000000,false,GNSS_AIDED,28.000030576934602,77.0,10.0,0.0,6.43008258702676,0.34,0,0
360000000,false,GNSS_AIDED,28.000031476256208,77.0,10.0,0.0,6.510243798737042,0.35,0,0
370000000,false,GNSS_AIDED,28.000032375577813,77.0,10.0,0.0,6.591715943811823,0.36,0,0
380000000,false,GNSS_AIDED,28.00003327489942,77.0,10.0,0.0,6.674451521490419,0.37,0,0
390000000,false,GNSS_AIDED,28.000034174221025,77.0,10.0,0.0,6.758404637003299,0.38,0,0
400000000,false,GNSS_AIDED,28.00003507354263,77.0,10.0,0.0,6.843530987737857,0.39,0,0
410000000,false,GNSS_AIDED,28.000035972864236,77.0,10.0,0.0,6.929787843268018,0.4,0,0
420000000,false,GNSS_AIDED,28.00003687218584,77.0,10.0,0.0,7.017134020182147,0.41,0,0
430000000,false,GNSS_AIDED,28.000037771507447,77.0,10.0,0.0,7.105529852559202,0.42,0,0
440000000,false,GNSS_AIDED,28.000038670829053,77.0,10.0,0.0,7.194937158860764,0.43,0,0
450000000,false,GNSS_AIDED,28.000039570150662,77.0,10.0,0.0,7.285319205927728,0.44,0,0
460000000,false,GNSS_AIDED,28.000040469472268,77.0,10.0,0.0,7.3766406706958145,0.45,0,0
470000000,false,GNSS_AIDED,28.000041368793873,77.0,10.0,0.0,7.468867600174005,0.46,0,0
480000000,false,GNSS_AIDED,28.00004226811548,77.0,10.0,0.0,7.561967370164982,0.47,0,0
490000000,false,GNSS_AIDED,28.000043167437084,77.0,10.0,0.0,7.65590864314663,0.48,0,0
500000000,false,GNSS_AIDED,28.00004406675869,77.0,10.0,0.0,7.750661325678766,0.49,0,0
510000000,false,GNSS_AIDED,28.000044966080296,77.0,10.0,0.0,7.846196525649287,0.5,0,0
520000000,false,GNSS_AIDED,28.0000458654019,77.0,10.0,0.0,7.942486509628794,0.51,0,0
530000000,false,GNSS_AIDED,28.000046764723507,77.0,10.0,0.0,8.039504660562105,0.52,0,0
540000000,false,GNSS_AIDED,28.000047664045113,77.0,10.0,0.0,8.13722543598879,0.53,0,0
550000000,false,GNSS_AIDED,28.000048563366718,77.0,10.0,0.0,8.235624326952502,0.54,0,0
560000000,false,GNSS_AIDED,28.000049462688324,77.0,10.0,0.0,8.334677817730297,0.55,0,0
570000000,false,GNSS_AIDED,28.000050362009933,77.0,10.0,0.0,8.434363346487881,0.56,0,0
580000000,false,GNSS_AIDED,28.00005126133154,77.0,10.0,0.0,8.534659266944628,0.57,0,0
590000000,false,GNSS_AIDED,28.000052160653144,77.0,10.0,0.0,8.635544811112869,0.58,0,0
600000000,false,GNSS_AIDED,28.00005305997475,77.0,10.0,0.0,8.737000053159244,0.59,0,0
610000000,false,GNSS_AIDED,28.000053959296356,77.0,10.0,0.0,8.83900587442134,0.6,0,0
620000000,false,GNSS_AIDED,28.00005485861796,77.0,10.0,0.0,8.941543929600488,0.61,0,0
630000000,false,GNSS_AIDED,28.000055757939567,77.0,10.0,0.0,9.044596614140888,0.62,0,0
640000000,false,GNSS_AIDED,28.000056657261172,77.0,10.0,0.0,9.148147032796265,0.63,0,0
650000000,false,GNSS_AIDED,28.000057556582778,77.0,10.0,0.0,9.252178969377658,0.64,0,0
660000000,false,GNSS_AIDED,28.000058455904384,77.0,10.0,0.0,9.356676857669608,0.65,0,0
670000000,false,GNSS_AIDED,28.00005935522599,77.0,10.0,0.0,9.461625753496792,0.66,0,0
680000000,false,GNSS_AIDED,28.000060254547595,77.0,10.0,0.0,9.567011307918884,0.67,0,0
690000000,false,GNSS_AIDED,28.000061153869204,77.0,10.0,0.0,9.672819741527968,0.68,0,0
700000000,false,GNSS_AIDED,28.00006205319081,77.0,10.0,0.0,9.779037819820172,0.69,0,0
710000000,false,GNSS_AIDED,28.000062952512415,77.0,10.0,0.0,9.885652829611052,0.7,0,0
720000000,false,GNSS_AIDED,28.00006385183402,77.0,10.0,0.0,9.992652556462822,0.71,0,0
730000000,false,GNSS_AIDED,28.000064751155627,77.0,10.0,0.0,10.100025263090325,0.72,0,0
740000000,false,GNSS_AIDED,28.000065650477232,77.0,10.0,0.0,10.207759668712061,0.73,0,0
750000000,false,GNSS_AIDED,28.000066549798838,77.0,10.0,0.0,10.315844929312224,0.74,0,0
760000000,false,GNSS_AIDED,28.000067449120444,77.0,10.0,0.0,10.424270618779591,0.75,0,0
770000000,false,GNSS_AIDED,28.00006834844205,77.0,10.0,0.0,10.533026710889342,0.76,0,0
780000000,false,GNSS_AIDED,28.000069247763655,77.0,10.0,0.0,10.642103562094203,0.77,0,0
790000000,false,GNSS_AIDED,28.00007014708526,77.0,10.0,0.0,10.751491895091856,0.78,0,0
800000000,false,GNSS_AIDED,28.000071046406866,77.0,10.0,0.0,10.861182783136238,0.79,0,0
810000000,false,GNSS_AIDED,28.000071945728475,77.0,10.0,0.0,10.97116763506104,0.8,0,0
820000000,false,GNSS_AIDED,28.00007284505008,77.0,10.0,0.0,11.081438180984623,0.81,0,0
830000000,false,GNSS_AIDED,28.000073744371687,77.0,10.0,0.0,11.191986458666461,0.82,0,0
840000000,false,GNSS_AIDED,28.000074643693292,77.0,10.0,0.0,11.302804800486113,0.83,0,0
850000000,false,GNSS_AIDED,28.000075543014898,77.0,10.0,0.0,11.413885821016759,0.84,0,0
860000000,false,GNSS_AIDED,28.000076442336503,77.0,10.0,0.0,11.525222405166334,0.85,0,0
870000000,false,GNSS_AIDED,28.00007734165811,77.0,10.0,0.0,11.636807696860213,0.86,0,0
880000000,false,GNSS_AIDED,28.000078240979715,77.0,10.0,0.0,11.748635088240547,0.87,0,0
890000000,false,GNSS_AIDED,28.00007914030132,77.0,10.0,0.0,11.860698209358187,0.88,0,0
900000000,false,GNSS_AIDED,28.000080039622926,77.0,10.0,0.0,11.97299091833426,0.89,0,0
910000000,false,GNSS_AIDED,28.00008093894453,77.0,10.0,0.0,12.085507291969344,0.9,0,0
920000000,false,GNSS_AIDED,28.000081838266137,77.0,10.0,0.0,12.198241616779162,0.91,0,0
930000000,false,GNSS_AIDED,28.000082737587743,77.0,10.0,0.0,12.311188380436654,0.92,0,0
940000000,false,GNSS_AIDED,28.000083636909352,77.0,10.0,0.0,12.42434226360115,0.93,0,0
950000000,false,GNSS_AIDED,28.000084536230958,77.0,10.0,0.0,12.537698132116295,0.94,0,0
960000000,false,GNSS_AIDED,28.000085435552563,77.0,10.0,0.0,12.65125102955917,0.95,0,0
970000000,false,GNSS_AIDED,28.00008633487417,77.0,10.0,0.0,12.764996170123862,0.96,0,0
980000000,false,GNSS_AIDED,28.000087234195774,77.0,10.0,0.0,12.878928931823586,0.97,0,0
990000000,false,GNSS_AIDED,28.00008813351738,77.0,10.0,0.0,12.993044849996139,0.98,0,0
1000000000,false,GNSS_AIDED,28.000089032838986,77.0,10.0,0.0,13.107339611098228,0.99,0,0
1010000000,false,GNSS_AIDED,28.00008993216059,77.0,10.0,0.0,13.221809046774906,1.0,0,0
1020000000,false,GNSS_AIDED,28.000090831482197,77.0,10.0,0.0,13.336449128191,1.01,0,0
1030000000,false,GNSS_AIDED,28.000091730803803,77.0,10.0,0.0,13.45125596061207,1.02,0,0
1040000000,false,GNSS_AIDED,28.00009263012541,77.0,10.0,0.0,13.56622577822302,1.03,0,0
1050000000,false,GNSS_AIDED,28.000093529447014,77.0,10.0,0.0,13.681354939173096,1.04,0,0
1060000000,false,GNSS_AIDED,28.000094428768623,77.0,10.0,0.0,13.796639920836508,1.05,0,0
1070000000,false,GNSS_AIDED,28.00009532809023,77.0,10.0,0.0,13.9120773152785,1.06,0,0
1080000000,false,GNSS_AIDED,28.000096227411834,77.0,10.0,0.0,14.027663824917152,1.07,0,0
1090000000,false,GNSS_AIDED,28.00009712673344,77.0,10.0,0.0,14.143396258371686,1.08,0,0
1100000000,false,GNSS_AIDED,28.000098026055046,77.0,10.0,0.0,14.259271526488506,1.09,0,0
1110000000,false,GNSS_AIDED,28.00009892537665,77.0,10.0,0.0,14.375286638536652,1.1,0,0
1120000000,false,GNSS_AIDED,28.000099824698257,77.0,10.0,0.0,14.491438698564728,1.11,0,0
1130000000,false,GNSS_AIDED,28.000100724019862,77.0,10.0,0.0,14.607724901911759,1.12,0,0
1140000000,false,GNSS_AIDED,28.000101623341468,77.0,10.0,0.0,14.724142531864858,1.13,0,0
1150000000,false,GNSS_AIDED,28.000102522663074,77.0,10.0,0.0,14.84068895645685,1.14,0,0
1160000000,false,GNSS_AIDED,28.00010342198468,77.0,10.0,0.0,14.95736162539741,1.15,0,0
1170000000,false,GNSS_AIDED,28.000104321306285,77.0,10.0,0.0,15.074158067131554,1.16,0,0
1180000000,false,GNSS_AIDED,28.000105220627894,77.0,10.0,0.0,15.191075886019638,1.17,0,0
1190000000,false,GNSS_AIDED,28.0001061199495,77.0,10.0,0.0,15.308112759633293,1.18,0,0
1200000000,false,GNSS_AIDED,28.000107019271105,77.0,10.0,0.0,15.425266436162026,1.19,0,0
1210000000,false,GNSS_AIDED,28.00010791859271,77.0,10.0,0.0,15.542534731925446,1.2,0,0
1220000000,false,GNSS_AIDED,28.000108817914317,77.0,10.0,0.0,15.659915528986328,1.21,0,0
1230000000,false,GNSS_AIDED,28.000109717235922,77.0,10.0,0.0,15.777406772859974,1.22,0,0
1240000000,false,GNSS_AIDED,28.000110616557528,77.0,10.0,0.0,15.895006470315549,1.23,0,0
1250000000,false,GNSS_AIDED,28.000111515879134,77.0,10.0,0.0,16.012712687265253,1.24,0,0
1260000000,false,GNSS_AIDED,28.00011241520074,77.0,10.0,0.0,16.130523546737436,1.25,0,0
1270000000,false,GNSS_AIDED,28.000113314522345,77.0,10.0,0.0,16.24843722692992,1.26,0,0
1280000000,false,GNSS_AIDED,28.00011421384395,77.0,10.0,0.0,16.366451959339965,1.27,0,0
1290000000,false,GNSS_AIDED,28.000115113165556,77.0,10.0,0.0,16.484566026967517,1.28,0,0
1300000000,false,GNSS_AIDED,28.00011601248716,77.0,10.0,0.0,16.602777762588527,1.29,0,0
1310000000,false,GNSS_AIDED,28.00011691180877,77.0,10.0,0.0,16.721085547095253,1.3,0,0
1320000000,false,GNSS_AIDED,28.000117811130377,77.0,10.0,0.0,16.83948780790067,1.31,0,0
1330000000,false,GNSS_AIDED,28.000118710451982,77.0,10.0,0.0,16.957983017404167,1.32,0,0
1340000000,false,GNSS_AIDED,28.000119609773588,77.0,10.0,0.0,17.076569691515907,1.33,0,0
1350000000,false,GNSS_AIDED,28.000120509095193,77.0,10.0,0.0,17.195246388237347,1.34,0,0
1360000000,false,GNSS_AIDED,28.0001214084168,77.0,10.0,0.0,17.314011706295478,1.35,0,0
1370000000,false,GNSS_AIDED,28.000122307738405,77.0,10.0,0.0,17.432864283828504,1.36,0,0
1380000000,false,GNSS_AIDED,28.00012320706001,77.0,10.0,0.0,17.55180279712082,1.37,0,0
1390000000,false,GNSS_AIDED,28.000124106381616,77.0,10.0,0.0,17.670825959385155,1.38,0,0
1400000000,false,GNSS_AIDED,28.00012500570322,77.0,10.0,0.0,17.789932519589904,1.39,0,0
1410000000,false,GNSS_AIDED,28.000125905024827,77.0,10.0,0.0,17.909121261329794,1.4,0,0
1420000000,false,GNSS_AIDED,28.000126804346433,77.0,10.0,0.0,18.028391001738047,1.41,0,0
1430000000,false,GNSS_AIDED,28.000127703668042,77.0,10.0,0.0,18.147740590438293,1.42,0,0
1440000000,false,GNSS_AIDED,28.000128602989648,77.0,10.0,0.0,18.26716890853468,1.43,0,0
1450000000,false,GNSS_AIDED,28.000129502311253,77.0,10.0,0.0,18.38667486763849,1.44,0,0
1460000000,false,GNSS_AIDED,28.00013040163286,77.0,10.0,0.0,18.506257408929866,1.45,0,0
1470000000,false,GNSS_AIDED,28.000131300954465,77.0,10.0,0.0,18.625915502253164,1.46,0,0
1480000000,false,GNSS_AIDED,28.00013220027607,77.0,10.0,0.0,18.745648145244584,1.47,0,0
1490000000,false,GNSS_AIDED,28.000133099597676,77.0,10.0,0.0,18.865454362490766,1.48,0,0
1500000000,false,GNSS_AIDED,28.00013399891928,77.0,10.0,0.0,18.985333204717122,1.49,0,0
1510000000,false,GNSS_AIDED,28.000134898240887,77.0,10.0,0.0,19.105283748004688,1.5,0,0
1520000000,false,GNSS_AIDED,28.000135797562493,77.0,10.0,0.0,19.2253050930344,1.51,0,0
1530000000,false,GNSS_AIDED,28.0001366968841,77.0,10.0,0.0,19.345396364357644,1.52,0,0
1540000000,false,GNSS_AIDED,28.000137596205704,77.0,10.0,0.0,19.465556709692088,1.53,0,0
1550000000,false,GNSS_AIDED,28.000138495527313,77.0,10.0,0.0,19.585785299241827,1.54,0,0
1560000000,false,GNSS_AIDED,28.00013939484892,77.0,10.0,0.0,19.706081325040785,1.55,0,0
1570000000,false,GNSS_AIDED,28.000140294170524,77.0,10.0,0.0,19.826444000318585,1.56,0,0
1580000000,false,GNSS_AIDED,28.00014119349213,77.0,10.0,0.0,19.94687255888796,1.57,0,0
1590000000,false,GNSS_AIDED,28.000142092813736,77.0,10.0,0.0,20.06736625455285,1.58,0,0
1600000000,false,GNSS_AIDED,28.00014299213534,77.0,10.0,0.0,20.18792436053645,1.59,0,0
1610000000,false,GNSS_AIDED,28.000143891456947,77.0,10.0,0.0,20.30854616892837,1.6,0,0
1620000000,false,GNSS_AIDED,28.000144790778553,77.0,10.0,0.0,20.42923099015028,1.61,0,0
1630000000,false,GNSS_AIDED,28.000145690100158,77.0,10.0,0.0,20.54997815243922,1.62,0,0
1640000000,false,GNSS_AIDED,28.000146589421764,77.0,10.0,0.0,20.67078700134799,1.63,0,0
1650000000,false,GNSS_AIDED,28.00014748874337,77.0,10.0,0.0,20.791656899261962,1.64,0,0
1660000000,false,GNSS_AIDED,28.000148388064975,77.0,10.0,0.0,20.91258722493169,1.65,0,0
1670000000,false,GNSS_AIDED,28.000149287386584,77.0,10.0,0.0,21.033577373020712,1.66,0,0
1680000000,false,GNSS_AIDED,28.00015018670819,77.0,10.0,0.0,21.154626753668005,1.67,0,0
1690000000,false,GNSS_AIDED,28.000151086029796,77.0,10.0,0.0,21.275734792064565,1.68,0,0
1700000000,false,GNSS_AIDED,28.0001519853514,77.0,10.0,0.0,21.396900928043543,1.69,0,0
1710000000,false,GNSS_AIDED,28.000152884673007,77.0,10.0,0.0,21.518124615683497,1.7,0,0
1720000000,false,GNSS_AIDED,28.000153783994612,77.0,10.0,0.0,21.639405322924222,1.71,0,0
1730000000,false,GNSS_AIDED,28.000154683316218,77.0,10.0,0.0,21.760742531194772,1.72,0,0
1740000000,false,GNSS_AIDED,28.000155582637824,77.0,10.0,0.0,21.88213573505317,1.73,0,0
1750000000,false,GNSS_AIDED,28.00015648195943,77.0,10.0,0.0,22.00358444183741,1.74,0,0
1760000000,false,GNSS_AIDED,28.000157381281035,77.0,10.0,0.0,22.125088171327373,1.75,0,0
1770000000,false,GNSS_AIDED,28.00015828060264,77.0,10.0,0.0,22.246646455417217,1.76,0,0
1780000000,false,GNSS_AIDED,28.000159179924246,77.0,10.0,0.0,22.368258837797892,1.77,0,0
1790000000,false,GNSS_AIDED,28.000160079245852,77.0,10.0,0.0,22.489924873649443,1.78,0,0
1800000000,false,GNSS_AIDED,28.00016097856746,77.0,10.0,0.0,22.611644129342743,1.79,0,0
1810000000,false,GNSS_AIDED,28.000161877889067,77.0,10.0,0.0,22.733416182150275,1.8,0,0
1820000000,false,GNSS_AIDED,28.000162777210672,77.0,10.0,0.0,22.855240619965766,1.81,0,0
1830000000,false,GNSS_AIDED,28.000163676532278,77.0,10.0,0.0,22.977117041032212,1.82,0,0
1840000000,false,GNSS_AIDED,28.000164575853884,77.0,10.0,0.0,23.09904505367815,1.83,0,0
1850000000,false,GNSS_AIDED,28.00016547517549,77.0,10.0,0.0,23.221024276061783,1.84,0,0
1860000000,false,GNSS_AIDED,28.000166374497095,77.0,10.0,0.0,23.343054335922762,1.85,0,0
1870000000,false,GNSS_AIDED,28.0001672738187,77.0,10.0,0.0,23.465134870341306,1.86,0,0
1880000000,false,GNSS_AIDED,28.000168173140306,77.0,10.0,0.0,23.58726552550447,1.87,0,0
1890000000,false,GNSS_AIDED,28.00016907246191,77.0,10.0,0.0,23.709445956479257,1.88,0,0
1900000000,false,GNSS_AIDED,28.000169971783517,77.0,10.0,0.0,23.831675826992395,1.89,0,0
1910000000,false,GNSS_AIDED,28.000170871105123,77.0,10.0,0.0,23.953954809216512,1.9,0,0
1920000000,false,GNSS_AIDED,28.000171770426732,77.0,10.0,0.0,24.076282583562566,1.91,0,0
1930000000,false,GNSS_AIDED,28.000172669748338,77.0,10.0,0.0,24.19865883847819,1.92,0,0
1940000000,false,GNSS_AIDED,28.000173569069943,77.0,10.0,0.0,24.32108327025193,1.93,0,0
1950000000,false,GNSS_AIDED,28.00017446839155,77.0,10.0,0.0,24.443555582823013,1.94,0,0
1960000000,false,GNSS_AIDED,28.000175367713155,77.0,10.0,0.0,24.5660754875966,1.95,0,0
1970000000,false,GNSS_AIDED,28.00017626703476,77.0,10.0,0.0,24.688642703264236,1.96,0,0
1980000000,false,GNSS_AIDED,28.000177166356366,77.0,10.0,0.0,24.811256955629425,1.97,0,0
1990000000,false,GNSS_AIDED,28.00017806567797,77.0,10.0,0.0,24.933917977438064,1.98,0,0
2000000000,false,GNSS_AIDED,28.000178964999577,77.0,10.0,0.0,25.056625508213674,1.99,0,0
2010000000,false,GNSS_AIDED,28.000179864321183,77.0,10.0,0.0,25.1793792940972,2.0,0,0
2020000000,false,DEAD_RECKONING,28.00018076364279,77.0,10.0,0.0,25.302179087691275,2.01,0,0
2030000000,false,DEAD_RECKONING,28.000181662964394,77.0,10.0,0.0,25.425024647908803,2.02,0,0
2040000000,false,DEAD_RECKONING,28.000182562286003,77.0,10.0,0.0,25.54791573982569,2.03,0,0
2050000000,false,DEAD_RECKONING,28.00018346160761,77.0,10.0,0.0,25.670852134537633,2.04,0,0
2060000000,false,DEAD_RECKONING,28.000184360929214,77.0,10.0,0.0,25.793833609020826,2.05,0,0
2070000000,false,DEAD_RECKONING,28.00018526025082,77.0,10.0,0.0,25.916859945996435,2.06,0,0
2080000000,false,DEAD_RECKONING,28.000186159572426,77.0,10.0,0.0,26.03993093379878,2.07,0,0
2090000000,false,DEAD_RECKONING,28.00018705889403,77.0,10.0,0.0,26.163046366247016,2.08,0,0
2100000000,false,DEAD_RECKONING,28.000187958215637,77.0,10.0,0.0,26.28620604252033,2.09,0,0
2110000000,false,DEAD_RECKONING,28.000188857537243,77.0,10.0,0.0,26.409409767036426,2.1,0,0
2120000000,false,DEAD_RECKONING,28.00018975685885,77.0,10.0,0.0,26.532657349333277,2.11,0,0
2130000000,false,DEAD_RECKONING,28.000190656180454,77.0,10.0,0.0,26.655948603954,2.12,0,0
2140000000,false,DEAD_RECKONING,28.00019155550206,77.0,10.0,0.0,26.77928335033476,2.13,0,0
2150000000,false,DEAD_RECKONING,28.000192454823665,77.0,10.0,0.0,26.902661412695675,2.14,0,0
2160000000,false,DEAD_RECKONING,28.00019335414527,77.0,10.0,0.0,27.026082619934517,2.15,0,0
2170000000,false,DEAD_RECKONING,28.00019425346688,77.0,10.0,0.0,27.14954680552324,2.16,0,0
2180000000,false,DEAD_RECKONING,28.000195152788486,77.0,10.0,0.0,27.27305380740715,2.17,0,0
2190000000,false,DEAD_RECKONING,28.00019605211009,77.0,10.0,0.0,27.39660346790673,2.18,0,0
2200000000,false,DEAD_RECKONING,28.000196951431697,77.0,10.0,0.0,27.52019563362198,2.19,0,0
2210000000,false,DEAD_RECKONING,28.000197850753302,77.0,10.0,0.0,27.64383015533921,2.2,0,0
2220000000,false,DEAD_RECKONING,28.000198750074908,77.0,10.0,0.0,27.767506887940193,2.21,0,0
2230000000,false,DEAD_RECKONING,28.000199649396514,77.0,10.0,0.0,27.891225690313703,2.22,0,0
2240000000,false,DEAD_RECKONING,28.00020054871812,77.0,10.0,0.0,28.014986425269225,2.23,0,0
2250000000,false,DEAD_RECKONING,28.000201448039725,77.0,10.0,0.0,28.13878895945287,2.24,0,0
2260000000,false,DEAD_RECKONING,28.00020234736133,77.0,10.0,0.0,28.26263316326545,2.25,0,0
2270000000,false,DEAD_RECKONING,28.000203246682936,77.0,10.0,0.0,28.386518910782517,2.26,0,0
2280000000,false,DEAD_RECKONING,28.000204146004542,77.0,10.0,0.0,28.510446079676495,2.27,0,0
2290000000,false,DEAD_RECKONING,28.00020504532615,77.0,10.0,0.0,28.63441455114069,2.28,0,0
2300000000,false,DEAD_RECKONING,28.000205944647757,77.0,10.0,0.0,28.758424209815185,2.29,0,0
2310000000,false,DEAD_RECKONING,28.000206843969362,77.0,10.0,0.0,28.882474943714612,2.3,0,0
2320000000,false,DEAD_RECKONING,28.000207743290968,77.0,10.0,0.0,29.006566644157633,2.31,0,0
2330000000,false,DEAD_RECKONING,28.000208642612574,77.0,10.0,0.0,29.130699205698214,2.32,0,0
2340000000,false,DEAD_RECKONING,28.00020954193418,77.0,10.0,0.0,29.25487252605851,2.33,0,0
2350000000,false,DEAD_RECKONING,28.000210441255785,77.0,10.0,0.0,29.379086506063448,2.34,0,0
2360000000,false,DEAD_RECKONING,28.00021134057739,77.0,10.0,0.0,29.503341049576843,2.35,0,0
2370000000,false,DEAD_RECKONING,28.000212239898996,77.0,10.0,0.0,29.62763606343908,2.36,0,0
2380000000,false,DEAD_RECKONING,28.0002131392206,77.0,10.0,0.0,29.751971457406285,2.37,0,0
2390000000,false,DEAD_RECKONING,28.000214038542207,77.0,10.0,0.0,29.876347144090957,2.38,0,0
2400000000,false,DEAD_RECKONING,28.000214937863813,77.0,10.0,0.0,30.000763038904008,2.39,0,0
2410000000,false,DEAD_RECKONING,28.000215837185422,77.0,10.0,0.0,30.125219059998194,2.4,0,0
2420000000,false,DEAD_RECKONING,28.000216736507028,77.0,10.0,0.0,30.249715128212863,2.41,0,0
2430000000,false,DEAD_RECKONING,28.000217635828633,77.0,10.0,0.0,30.374251167020034,2.42,0,0
2440000000,false,DEAD_RECKONING,28.00021853515024,77.0,10.0,0.0,30.498827102471715,2.43,0,0
2450000000,false,DEAD_RECKONING,28.000219434471845,77.0,10.0,0.0,30.62344286314846,2.44,0,0
2460000000,false,DEAD_RECKONING,28.00022033379345,77.0,10.0,0.0,30.748098380109152,2.45,0,0
2470000000,false,DEAD_RECKONING,28.000221233115056,77.0,10.0,0.0,30.87279358684192,2.46,0,0
2480000000,false,DEAD_RECKONING,28.00022213243666,77.0,10.0,0.0,30.9975284192162,2.47,0,0
2490000000,false,DEAD_RECKONING,28.000223031758267,77.0,10.0,0.0,31.122302815435916,2.48,0,0
2500000000,false,DEAD_RECKONING,28.000223931079873,77.0,10.0,0.0,31.247116715993716,2.49,0,0
2510000000,false,DEAD_RECKONING,28.00022483040148,77.0,10.0,0.0,31.371970063626257,2.5,0,0
2520000000,false,DEAD_RECKONING,28.000225729723084,77.0,10.0,0.0,31.496862803270552,2.51,0,0
2530000000,false,DEAD_RECKONING,28.000226629044693,77.0,10.0,0.0,31.62179488202123,2.52,0,0
2540000000,false,DEAD_RECKONING,28.0002275283663,77.0,10.0,0.0,31.746766249088836,2.53,0,0
2550000000,false,DEAD_RECKONING,28.000228427687905,77.0,10.0,0.0,31.87177685575904,2.54,0,0
2560000000,false,DEAD_RECKONING,28.00022932700951,77.0,10.0,0.0,31.996826655352766,2.55,0,0
2570000000,false,DEAD_RECKONING,28.000230226331116,77.0,10.0,0.0,32.1219156031872,2.56,0,0
2580000000,false,DEAD_RECKONING,28.00023112565272,77.0,10.0,0.0,32.247043656537706,2.57,0,0
2590000000,false,DEAD_RECKONING,28.000232024974327,77.0,10.0,0.0,32.372210774600546,2.58,0,0
2600000000,false,DEAD_RECKONING,28.000232924295933,77.0,10.0,0.0,32.49741691845645,2.59,0,0
2610000000,false,DEAD_RECKONING,28.00023382361754,77.0,10.0,0.0,32.622662051035,2.6,0,0
2620000000,false,DEAD_RECKONING,28.000234722939144,77.0,10.0,0.0,32.74794613707976,2.61,0,0
2630000000,false,DEAD_RECKONING,28.00023562226075,77.0,10.0,0.0,32.8732691431142,2.62,0,0
2640000000,false,DEAD_RECKONING,28.000236521582355,77.0,10.0,0.0,32.998631037408366,2.63,0,0
2650000000,false,DEAD_RECKONING,28.00023742090396,77.0,10.0,0.0,33.12403178994626,2.64,0,0
2660000000,false,DEAD_RECKONING,28.00023832022557,77.0,10.0,0.0,33.24947137239393,2.65,0,0
2670000000,false,DEAD_RECKONING,28.000239219547176,77.0,10.0,0.0,33.374949758068254,2.66,0,0
2680000000,false,DEAD_RECKONING,28.00024011886878,77.0,10.0,0.0,33.500466921906416,2.67,0,0
2690000000,false,DEAD_RECKONING,28.000241018190387,77.0,10.0,0.0,33.62602284043599,2.68,0,0
2700000000,false,DEAD_RECKONING,28.000241917511993,77.0,10.0,0.0,33.751617491745705,2.69,0,0
2710000000,false,DEAD_RECKONING,28.000242816833598,77.0,10.0,0.0,33.87725085545681,2.7,0,0
2720000000,false,DEAD_RECKONING,28.000243716155204,77.0,10.0,0.0,34.002922912695055,2.71,0,0
2730000000,false,DEAD_RECKONING,28.00024461547681,77.0,10.0,0.0,34.1286336460633,2.72,0,0
2740000000,false,DEAD_RECKONING,28.000245514798415,77.0,10.0,0.0,34.254383039614616,2.73,0,0
2750000000,false,DEAD_RECKONING,28.00024641412002,77.0,10.0,0.0,34.380171078826024,2.74,0,0
2760000000,false,DEAD_RECKONING,28.000247313441626,77.0,10.0,0.0,34.505997750572796,2.75,0,0
2770000000,false,DEAD_RECKONING,28.000248212763232,77.0,10.0,0.0,34.6318630431032,2.76,0,0
2780000000,false,DEAD_RECKONING,28.00024911208484,77.0,10.0,0.0,34.75776694601388,2.77,0,0
2790000000,false,DEAD_RECKONING,28.000250011406447,77.0,10.0,0.0,34.883709450225666,2.78,0,0
2800000000,false,DEAD_RECKONING,28.000250910728052,77.0,10.0,0.0,35.00969054795995,2.79,0,0
2810000000,false,DEAD_RECKONING,28.000251810049658,77.0,10.0,0.0,35.135710232715454,2.8,0,0
2820000000,false,DEAD_RECKONING,28.000252709371264,77.0,10.0,0.0,35.26176849924561,2.81,0,0
2830000000,false,DEAD_RECKONING,28.00025360869287,77.0,10.0,0.0,35.387865343536276,2.82,0,0
2840000000,false,DEAD_RECKONING,28.000254508014475,77.0,10.0,0.0,35.51400076278395,2.83,0,0
2850000000,false,DEAD_RECKONING,28.00025540733608,77.0,10.0,0.0,35.64017475537448,2.84,0,0
2860000000,false,DEAD_RECKONING,28.000256306657686,77.0,10.0,0.0,35.76638732086212,2.85,0,0
2870000000,false,DEAD_RECKONING,28.000257205979292,77.0,10.0,0.0,35.89263845994907,2.86,0,0
2880000000,false,DEAD_RECKONING,28.000258105300897,77.0,10.0,0.0,36.0189281744654,2.87,0,0
2890000000,false,DEAD_RECKONING,28.000259004622503,77.0,10.0,0.0,36.14525646734936,2.88,0,0
2900000000,false,DEAD_RECKONING,28.000259903944112,77.0,10.0,0.0,36.27162334262816,2.89,0,0
2910000000,false,DEAD_RECKONING,28.000260803265718,77.0,10.0,0.0,36.398028805399015,2.9,0,0
2920000000,false,DEAD_RECKONING,28.000261702587323,77.0,10.0,0.0,36.524472861810686,2.91,0,0
2930000000,false,DEAD_RECKONING,28.00026260190893,77.0,10.0,0.0,36.6509555190453,2.92,0,0
2940000000,false,DEAD_RECKONING,28.000263501230535,77.0,10.0,0.0,36.777476785300536,2.93,0,0
2950000000,false,DEAD_RECKONING,28.00026440055214,77.0,10.0,0.0,36.90403666977227,2.94,0,0
2960000000,false,DEAD_RECKONING,28.000265299873746,77.0,10.0,0.0,37.030635182637376,2.95,0,0
2970000000,false,DEAD_RECKONING,28.00026619919535,77.0,10.0,0.0,37.15727233503702,2.96,0,0
2980000000,false,DEAD_RECKONING,28.000267098516957,77.0,10.0,0.0,37.283948139060215,2.97,0,0
2990000000,false,DEAD_RECKONING,28.000267997838563,77.0,10.0,0.0,37.41066260772767,2.98,0,0
3000000000,false,DEAD_RECKONING,28.00026889716017,77.0,10.0,0.0,37.537415754976045,2.99,0,0
3010000000,false,DEAD_RECKONING,28.000269796481774,77.0,10.0,0.0,37.664207595642374,3.0,0,0
3020000000,false,DEAD_RECKONING,28.00027069580338,77.0,10.0,0.0,37.7910381454489,3.01,0,0
3030000000,false,DEAD_RECKONING,28.00027159512499,77.0,10.0,0.0,37.91790742098819,3.02,0,0
3040000000,false,DEAD_RECKONING,28.000272494446595,77.0,10.0,0.0,38.044815439708444,3.03,0,0
3050000000,false,DEAD_RECKONING,28.0002733937682,77.0,10.0,0.0,38.17176221989918,3.04,0,0
3060000000,false,DEAD_RECKONING,28.000274293089806,77.0,10.0,0.0,38.29874778067717,3.05,0,0
3070000000,false,DEAD_RECKONING,28.00027519241141,77.0,10.0,0.0,38.425772141972594,3.06,0,0
3080000000,false,DEAD_RECKONING,28.000276091733017,77.0,10.0,0.0,38.55283532451553,3.07,0,0
3090000000,false,DEAD_RECKONING,28.000276991054623,77.0,10.0,0.0,38.6799373498226,3.08,0,0
3100000000,false,DEAD_RECKONING,28.00027789037623,77.0,10.0,0.0,38.80707824018401,3.09,0,0
3110000000,false,DEAD_RECKONING,28.000278789697834,77.0,10.0,0.0,38.93425801865067,3.1,0,0
3120000000,false,DEAD_RECKONING,28.00027968901944,77.0,10.0,0.0,39.061476709021655,3.11,0,0
3130000000,false,DEAD_RECKONING,28.000280588341045,77.0,10.0,0.0,39.18873433583188,3.12,0,0
3140000000,false,DEAD_RECKONING,28.00028148766265,77.0,10.0,0.0,39.31603092434001,3.13,0,0
3150000000,false,DEAD_RECKONING,28.00028238698426,77.0,10.0,0.0,39.44336650051656,3.14,0,0
3160000000,false,DEAD_RECKONING,28.000283286305866,77.0,10.0,0.0,39.570741091032225,3.15,0,0
3170000000,false,DEAD_RECKONING,28.00028418562747,77.0,10.0,0.0,39.698154723246475,3.16,0,0
3180000000,false,DEAD_RECKONING,28.000285084949077,77.0,10.0,0.0,39.825607425196274,3.17,0,0
3190000000,false,DEAD_RECKONING,28.000285984270683,77.0,10.0,0.0,39.95309922558508,3.18,0,0
3200000000,false,DEAD_RECKONING,28.00028688359229,77.0,10.0,0.0,40.080630153771985,3.19,0,0
3210000000,false,DEAD_RECKONING,28.000287782913894,77.0,10.0,0.0,40.208200239761105,3.2,0,0
3220000000,false,DEAD_RECKONING,28.0002886822355,77.0,10.0,0.0,40.335809514191126,3.21,0,0
3230000000,false,DEAD_RECKONING,28.000289581557105,77.0,10.0,0.0,40.46345800832505,3.22,0,0
3240000000,false,DEAD_RECKONING,28.00029048087871,77.0,10.0,0.0,40.5911457540401,3.23,0,0
3250000000,false,DEAD_RECKONING,28.000291380200316,77.0,10.0,0.0,40.71887278381788,3.24,0,0
3260000000,false,DEAD_RECKONING,28.000292279521922,77.0,10.0,0.0,40.84663913073462,3.25,0,0
3270000000,false,DEAD_RECKONING,28.00029317884353,77.0,10.0,0.0,40.97444482845165,3.26,0,0
3280000000,false,DEAD_RECKONING,28.000294078165137,77.0,10.0,0.0,41.102289911206014,3.27,0,0
3290000000,false,DEAD_RECKONING,28.000294977486742,77.0,10.0,0.0,41.23017441380129,3.28,0,0
3300000000,false,DEAD_RECKONING,28.000295876808348,77.0,10.0,0.0,41.3580983715985,3.29,0,0
3310000000,false,DEAD_RECKONING,28.000296776129954,77.0,10.0,0.0,41.48606182050729,3.3,0,0
3320000000,false,DEAD_RECKONING,28.00029767545156,77.0,10.0,0.0,41.614064796977146,3.31,0,0
3330000000,false,DEAD_RECKONING,28.000298574773165,77.0,10.0,0.0,41.742107337988834,3.32,0,0
3340000000,false,DEAD_RECKONING,28.00029947409477,77.0,10.0,0.0,41.87018948104598,3.33,0,0
3350000000,false,DEAD_RECKONING,28.000300373416376,77.0,10.0,0.0,41.9983112641668,3.34,0,0
3360000000,false,DEAD_RECKONING,28.000301272737982,77.0,10.0,0.0,42.126472725875914,3.35,0,0
3370000000,false,DEAD_RECKONING,28.000302172059587,77.0,10.0,0.0,42.254673905196405,3.36,0,0
3380000000,false,DEAD_RECKONING,28.000303071381193,77.0,10.0,0.0,42.38291484164192,3.37,0,0
3390000000,false,DEAD_RECKONING,28.000303970702802,77.0,10.0,0.0,42.51119557520899,3.38,0,0
3400000000,false,DEAD_RECKONING,28.000304870024408,77.0,10.0,0.0,42.63951614636936,3.39,0,0
3410000000,false,DEAD_RECKONING,28.000305769346014,77.0,10.0,0.0,42.76787659606263,3.4,0,0
3420000000,false,DEAD_RECKONING,28.00030666866762,77.0,10.0,0.0,42.89627696568883,3.41,0,0
3430000000,false,DEAD_RECKONING,28.000307567989225,77.0,10.0,0.0,43.02471729710126,3.42,0,0
3440000000,false,DEAD_RECKONING,28.00030846731083,77.0,10.0,0.0,43.153197632599394,3.43,0,0
3450000000,false,DEAD_RECKONING,28.000309366632436,77.0,10.0,0.0,43.28171801492188,3.44,0,0
3460000000,false,DEAD_RECKONING,28.00031026595404,77.0,10.0,0.0,43.410278487239715,3.45,0,0
3470000000,false,DEAD_RECKONING,28.000311165275647,77.0,10.0,0.0,43.53887909314952,3.46,0,0
3480000000,false,DEAD_RECKONING,28.000312064597253,77.0,10.0,0.0,43.66751987666689,3.47,0,0
3490000000,false,DEAD_RECKONING,28.00031296391886,77.0,10.0,0.0,43.796200882219885,3.48,0,0
3500000000,false,DEAD_RECKONING,28.000313863240464,77.0,10.0,0.0,43.92492215464264,3.49,0,0
3510000000,false,DEAD_RECKONING,28.00031476256207,77.0,10.0,0.0,44.05368373916903,3.5,0,0
3520000000,false,DEAD_RECKONING,28.00031566188368,77.0,10.0,0.0,44.182485681426535,3.51,0,0
3530000000,false,DEAD_RECKONING,28.000316561205285,77.0,10.0,0.0,44.311328027430086,3.52,0,0
3540000000,false,DEAD_RECKONING,28.00031746052689,77.0,10.0,0.0,44.44021082357609,3.53,0,0
3550000000,false,DEAD_RECKONING,28.000318359848496,77.0,10.0,0.0,44.56913411663657,3.54,0,0
3560000000,false,DEAD_RECKONING,28.0003192591701,77.0,10.0,0.0,44.69809795375331,3.55,0,0
3570000000,false,DEAD_RECKONING,28.000320158491707,77.0,10.0,0.0,44.827102382432216,3.56,0,0
3580000000,false,DEAD_RECKONING,28.000321057813313,77.0,10.0,0.0,44.956147450537635,3.57,0,0
3590000000,false,DEAD_RECKONING,28.00032195713492,77.0,10.0,0.0,45.08523320628689,3.58,0,0
3600000000,false,DEAD_RECKONING,28.000322856456524,77.0,10.0,0.0,45.21435969824481,3.59,0,0
3610000000,false,DEAD_RECKONING,28.00032375577813,77.0,10.0,0.0,45.34352697531845,3.6,0,0
3620000000,false,DEAD_RECKONING,28.000324655099735,77.0,10.0,0.0,45.472735086751726,3.61,0,0
3630000000,false,DEAD_RECKONING,28.00032555442134,77.0,10.0,0.0,45.60198408212035,3.62,0,0
3640000000,false,DEAD_RECKONING,28.00032645374295,77.0,10.0,0.0,45.731274011326704,3.63,0,0
3650000000,false,DEAD_RECKONING,28.000327353064556,77.0,10.0,0.0,45.86060492459478,3.64,0,0
3660000000,false,DEAD_RECKONING,28.00032825238616,77.0,10.0,0.0,45.98997687246533,3.65,0,0
3670000000,false,DEAD_RECKONING,28.000329151707767,77.0,10.0,0.0,46.11938990579095,3.66,0,0
3680000000,false,DEAD_RECKONING,28.000330051029373,77.0,10.0,0.0,46.24884407573136,3.67,0,0
3690000000,false,DEAD_RECKONING,28.00033095035098,77.0,10.0,0.0,46.37833943374867,3.68,0,0
3700000000,false,DEAD_RECKONING,28.000331849672584,77.0,10.0,0.0,46.50787603160275,3.69,0,0
3710000000,false,DEAD_RECKONING,28.00033274899419,77.0,10.0,0.0,46.6374539213467,3.7,0,0
3720000000,false,DEAD_RECKONING,28.000333648315795,77.0,10.0,0.0,46.76707315532235,3.71,0,0
3730000000,false,DEAD_RECKONING,28.0003345476374,77.0,10.0,0.0,46.89673378615586,3.72,0,0
3740000000,false,DEAD_RECKONING,28.000335446959006,77.0,10.0,0.0,47.02643586675339,3.73,0,0
3750000000,false,DEAD_RECKONING,28.000336346280612,77.0,10.0,0.0,47.15617945029676,3.74,0,0
3760000000,false,DEAD_RECKONING,28.00033724560222,77.0,10.0,0.0,47.285964590239345,3.75,0,0
3770000000,false,DEAD_RECKONING,28.000338144923827,77.0,10.0,0.0,47.41579134030184,3.76,0,0
3780000000,false,DEAD_RECKONING,28.000339044245433,77.0,10.0,0.0,47.545659754468204,3.77,0,0
3790000000,false,DEAD_RECKONING,28.000339943567038,77.0,10.0,0.0,47.67556988698168,3.78,0,0
3800000000,false,DEAD_RECKONING,28.000340842888644,77.0,10.0,0.0,47.80552179234077,3.79,0,0
3810000000,false,DEAD_RECKONING,28.00034174221025,77.0,10.0,0.0,47.93551552529541,3.8,0,0
3820000000,false,DEAD_RECKONING,28.000342641531855,77.0,10.0,0.0,48.06555114084308,3.81,0,0
3830000000,false,DEAD_RECKONING,28.00034354085346,77.0,10.0,0.0,48.19562869422503,3.82,0,0
3840000000,false,DEAD_RECKONING,28.000344440175066,77.0,10.0,0.0,48.325748240922614,3.83,0,0
3850000000,false,DEAD_RECKONING,28.000345339496672,77.0,10.0,0.0,48.45590983665355,3.84,0,0
3860000000,false,DEAD_RECKONING,28.000346238818278,77.0,10.0,0.0,48.586113537368334,3.85,0,0
3870000000,false,DEAD_RECKONING,28.000347138139883,77.0,10.0,0.0,48.71635939924672,3.86,0,0
3880000000,false,DEAD_RECKONING,28.00034803746149,77.0,10.0,0.0,48.84664747869417,3.87,0,0
3890000000,false,DEAD_RECKONING,28.000348936783098,77.0,10.0,0.0,48.97697783233843,3.88,0,0
3900000000,false,DEAD_RECKONING,28.000349836104704,77.0,10.0,0.0,49.107350517026106,3.89,0,0
3910000000,false,DEAD_RECKONING,28.00035073542631,77.0,10.0,0.0,49.23776558981936,3.9,0,0
3920000000,false,DEAD_RECKONING,28.000351634747915,77.0,10.0,0.0,49.36822310799257,3.91,0,0
3930000000,false,DEAD_RECKONING,28.00035253406952,77.0,10.0,0.0,49.49872312902909,3.92,0,0
3940000000,false,DEAD_RECKONING,28.000353433391126,77.0,10.0,0.0,49.62926571061804,3.93,0,0
3950000000,false,DEAD_RECKONING,28.00035433271273,77.0,10.0,0.0,49.75985091065119,3.94,0,0
3960000000,false,DEAD_RECKONING,28.000355232034337,77.0,10.0,0.0,49.89047878721979,3.95,0,0
3970000000,false,DEAD_RECKONING,28.000356131355943,77.0,10.0,0.0,50.02114939861157,3.96,0,0
3980000000,false,DEAD_RECKONING,28.00035703067755,77.0,10.0,0.0,50.15186280330766,3.97,0,0
3990000000,false,DEAD_RECKONING,28.000357929999154,77.0,10.0,0.0,50.282619059979666,3.98,0,0
4000000000,false,DEAD_RECKONING,28.00035882932076,77.0,10.0,0.0,50.41341822748671,3.99,0,0
4010000000,false,DEAD_RECKONING,28.00035972864237,77.0,10.0,0.0,50.54426036487254,4.0,0,0
4020000000,false,DEAD_RECKONING,28.000360627963975,77.0,10.0,0.0,50.6751455313627,4.01,0,0
4030000000,false,DEAD_RECKONING,28.00036152728558,77.0,10.0,0.0,50.806073786361715,4.02,0,0
4040000000,false,DEAD_RECKONING,28.000362426607186,77.0,10.0,0.0,50.9370451894503,4.03,0,0
4050000000,false,DEAD_RECKONING,28.00036332592879,77.0,10.0,0.0,51.06805980038269,4.04,0,0
4060000000,false,DEAD_RECKONING,28.000364225250397,77.0,10.0,0.0,51.19911767908389,4.05,0,0
4070000000,false,DEAD_RECKONING,28.000365124572003,77.0,10.0,0.0,51.33021888564707,4.06,0,0
4080000000,false,DEAD_RECKONING,28.00036602389361,77.0,10.0,0.0,51.46136348033094,4.07,0,0
4090000000,false,DEAD_RECKONING,28.000366923215214,77.0,10.0,0.0,51.59255152355715,4.08,0,0
4100000000,false,DEAD_RECKONING,28.00036782253682,77.0,10.0,0.0,51.72378307590779,4.09,0,0
4110000000,false,DEAD_RECKONING,28.000368721858425,77.0,10.0,0.0,51.855058198122876,4.1,0,0
4120000000,false,DEAD_RECKONING,28.00036962118003,77.0,10.0,0.0,51.986376951097874,4.11,0,0
4130000000,false,DEAD_RECKONING,28.00037052050164,77.0,10.0,0.0,52.11773939588125,4.12,0,0
4140000000,false,DEAD_RECKONING,28.000371419823246,77.0,10.0,0.0,52.249145593672125,4.13,0,0
4150000000,false,DEAD_RECKONING,28.00037231914485,77.0,10.0,0.0,52.38059560581787,4.14,0,0
4160000000,false,DEAD_RECKONING,28.000373218466457,77.0,10.0,0.0,52.51208949381175,4.15,0,0
4170000000,false,DEAD_RECKONING,28.000374117788063,77.0,10.0,0.0,52.643627319290694,4.16,0,0
4180000000,false,DEAD_RECKONING,28.00037501710967,77.0,10.0,0.0,52.77520914403297,4.17,0,0
4190000000,false,DEAD_RECKONING,28.000375916431274,77.0,10.0,0.0,52.906835029955964,4.18,0,0
4200000000,false,DEAD_RECKONING,28.00037681575288,77.0,10.0,0.0,53.038505039113986,4.19,0,0
4210000000,false,DEAD_RECKONING,28.000377715074485,77.0,10.0,0.0,53.17021923369608,4.2,0,0
4220000000,false,DEAD_RECKONING,28.00037861439609,77.0,10.0,0.0,53.30197767602388,4.21,0,0
4230000000,false,DEAD_RECKONING,28.000379513717697,77.0,10.0,0.0,53.43378042854951,4.22,0,0
4240000000,false,DEAD_RECKONING,28.000380413039302,77.0,10.0,0.0,53.56562755385346,4.23,0,0
4250000000,false,DEAD_RECKONING,28.000381312360908,77.0,10.0,0.0,53.69751911464258,4.24,0,0
4260000000,false,DEAD_RECKONING,28.000382211682517,77.0,10.0,0.0,53.82945517374799,4.25,0,0
4270000000,false,DEAD_RECKONING,28.000383111004123,77.0,10.0,0.0,53.96143579412312,4.26,0,0
4280000000,false,DEAD_RECKONING,28.000384010325728,77.0,10.0,0.0,54.09346103884174,4.27,0,0
4290000000,false,DEAD_RECKONING,28.000384909647334,77.0,10.0,0.0,54.22553097109594,4.28,0,0
4300000000,false,DEAD_RECKONING,28.00038580896894,77.0,10.0,0.0,54.357645654194314,4.29,0,0
4310000000,false,DEAD_RECKONING,28.000386708290545,77.0,10.0,0.0,54.48980515155998,4.3,0,0
4320000000,false,DEAD_RECKONING,28.00038760761215,77.0,10.0,0.0,54.622009526728704,4.31,0,0
4330000000,false,DEAD_RECKONING,28.000388506933756,77.0,10.0,0.0,54.754258843347124,4.32,0,0
4340000000,false,DEAD_RECKONING,28.000389406255362,77.0,10.0,0.0,54.88655316517086,4.33,0,0
4350000000,false,DEAD_RECKONING,28.000390305576968,77.0,10.0,0.0,55.01889255606275,4.34,0,0
4360000000,false,DEAD_RECKONING,28.000391204898573,77.0,10.0,0.0,55.15127707999106,4.35,0,0
4370000000,false,DEAD_RECKONING,28.00039210422018,77.0,10.0,0.0,55.283706801027726,4.36,0,0
4380000000,false,DEAD_RECKONING,28.000393003541788,77.0,10.0,0.0,55.41618178334667,4.37,0,0
4390000000,false,DEAD_RECKONING,28.000393902863394,77.0,10.0,0.0,55.548702091222026,4.38,0,0
4400000000,false,DEAD_RECKONING,28.000394802185,77.0,10.0,0.0,55.681267789026506,4.39,0,0
4410000000,false,DEAD_RECKONING,28.000395701506605,77.0,10.0,0.0,55.81387894122974,4.4,0,0
4420000000,false,DEAD_RECKONING,28.00039660082821,77.0,10.0,0.0,55.9465356123966,4.41,0,0
4430000000,false,DEAD_RECKONING,28.000397500149816,77.0,10.0,0.0,56.079237867185626,4.42,0,0
4440000000,false,DEAD_RECKONING,28.000398399471422,77.0,10.0,0.0,56.211985770347376,4.43,0,0
4450000000,false,DEAD_RECKONING,28.000399298793027,77.0,10.0,0.0,56.34477938672291,4.44,0,0
4460000000,false,DEAD_RECKONING,28.000400198114633,77.0,10.0,0.0,56.47761878124221,4.45,0,0
4470000000,false,DEAD_RECKONING,28.00040109743624,77.0,10.0,0.0,56.610504018922605,4.46,0,0
4480000000,false,DEAD_RECKONING,28.000401996757844,77.0,10.0,0.0,56.74343516486731,4.47,0,0
4490000000,false,DEAD_RECKONING,28.00040289607945,77.0,10.0,0.0,56.876412284263914,4.48,0,0
4500000000,false,DEAD_RECKONING,28.00040379540106,77.0,10.0,0.0,57.00943544238289,4.49,0,0
4510000000,false,DEAD_RECKONING,28.000404694722665,77.0,10.0,0.0,57.14250470457614,4.5,0,0
4520000000,false,DEAD_RECKONING,28.00040559404427,77.0,10.0,0.0,57.27562013627556,4.51,0,0
4530000000,false,DEAD_RECKONING,28.000406493365876,77.0,10.0,0.0,57.40878180299163,4.52,0,0
4540000000,false,DEAD_RECKONING,28.00040739268748,77.0,10.0,0.0,57.54198977031199,4.53,0,0
4550000000,false,DEAD_RECKONING,28.000408292009087,77.0,10.0,0.0,57.67524410390006,4.54,0,0
4560000000,false,DEAD_RECKONING,28.000409191330693,77.0,10.0,0.0,57.80854486949365,4.55,0,0
4570000000,false,DEAD_RECKONING,28.0004100906523,77.0,10.0,0.0,57.94189213290368,4.56,0,0
4580000000,false,DEAD_RECKONING,28.000410989973904,77.0,10.0,0.0,58.07528596001277,4.57,0,0
4590000000,false,DEAD_RECKONING,28.00041188929551,77.0,10.0,0.0,58.208726416773956,4.58,0,0
4600000000,false,DEAD_RECKONING,28.000412788617115,77.0,10.0,0.0,58.34221356920936,4.59,0,0
4610000000,false,DEAD_RECKONING,28.00041368793872,77.0,10.0,0.0,58.47574748340898,4.6,0,0
4620000000,false,DEAD_RECKONING,28.00041458726033,77.0,10.0,0.0,58.60932822552933,4.61,0,0
4630000000,false,DEAD_RECKONING,28.000415486581936,77.0,10.0,0.0,58.74295586179223,4.62,0,0
4640000000,false,DEAD_RECKONING,28.00041638590354,77.0,10.0,0.0,58.8766304584836,4.63,0,0
4650000000,false,DEAD_RECKONING,28.000417285225147,77.0,10.0,0.0,59.01035208195216,4.64,0,0
4660000000,false,DEAD_RECKONING,28.000418184546753,77.0,10.0,0.0,59.14412079860831,4.65,0,0
4670000000,false,DEAD_RECKONING,28.00041908386836,77.0,10.0,0.0,59.277936674922856,4.66,0,0
4680000000,false,DEAD_RECKONING,28.000419983189964,77.0,10.0,0.0,59.41179977742589,4.67,0,0
4690000000,false,DEAD_RECKONING,28.00042088251157,77.0,10.0,0.0,59.54571017270562,4.68,0,0
4700000000,false,DEAD_RECKONING,28.000421781833175,77.0,10.0,0.0,59.67966792740719,4.69,0,0
4710000000,false,DEAD_RECKONING,28.00042268115478,77.0,10.0,0.0,59.81367310823157,4.7,0,0
4720000000,false,DEAD_RECKONING,28.000423580476387,77.0,10.0,0.0,59.94772578193444,4.71,0,0
4730000000,false,DEAD_RECKONING,28.000424479797992,77.0,10.0,0.0,60.08182601532506,4.72,0,0
4740000000,false,DEAD_RECKONING,28.000425379119598,77.0,10.0,0.0,60.215973875265206,4.73,0,0
4750000000,false,DEAD_RECKONING,28.000426278441207,77.0,10.0,0.0,60.350169428668046,4.74,0,0
4760000000,false,DEAD_RECKONING,28.000427177762813,77.0,10.0,0.0,60.48441274249713,4.75,0,0
4770000000,false,DEAD_RECKONING,28.00042807708442,77.0,10.0,0.0,60.618703883765264,4.76,0,0
4780000000,false,DEAD_RECKONING,28.000428976406024,77.0,10.0,0.0,60.75304291953355,4.77,0,0
4790000000,false,DEAD_RECKONING,28.00042987572763,77.0,10.0,0.0,60.88742991691027,4.78,0,0
4800000000,false,DEAD_RECKONING,28.000430775049235,77.0,10.0,0.0,61.02186494304996,4.79,0,0
4810000000,false,DEAD_RECKONING,28.00043167437084,77.0,10.0,0.0,61.15634806515231,4.8,0,0
4820000000,false,DEAD_RECKONING,28.000432573692446,77.0,10.0,0.0,61.290879350461246,4.81,0,0
4830000000,false,DEAD_RECKONING,28.000433473014052,77.0,10.0,0.0,61.42545886626391,4.82,0,0
4840000000,false,DEAD_RECKONING,28.000434372335658,77.0,10.0,0.0,61.5600866798897,4.83,0,0
4850000000,false,DEAD_RECKONING,28.000435271657263,77.0,10.0,0.0,61.69476285870931,4.84,0,0
4860000000,false,DEAD_RECKONING,28.00043617097887,77.0,10.0,0.0,61.82948747013379,4.85,0,0
4870000000,false,DEAD_RECKONING,28.000437070300478,77.0,10.0,0.0,61.9642605816136,4.86,0,0
4880000000,false,DEAD_RECKONING,28.000437969622084,77.0,10.0,0.0,62.09908226063769,4.87,0,0
4890000000,false,DEAD_RECKONING,28.00043886894369,77.0,10.0,0.0,62.233952574732584,4.88,0,0
4900000000,false,DEAD_RECKONING,28.000439768265295,77.0,10.0,0.0,62.36887159146148,4.89,0,0
4910000000,false,DEAD_RECKONING,28.0004406675869,77.0,10.0,0.0,62.50383937842333,4.9,0,0
4920000000,false,DEAD_RECKONING,28.000441566908506,77.0,10.0,0.0,62.63885600325204,4.91,0,0
4930000000,false,DEAD_RECKONING,28.000442466230112,77.0,10.0,0.0,62.77392153361548,4.92,0,0
4940000000,false,DEAD_RECKONING,28.000443365551718,77.0,10.0,0.0,62.9090360372147,4.93,0,0
4950000000,false,DEAD_RECKONING,28.000444264873323,77.0,10.0,0.0,63.04419958178307,4.94,0,0
4960000000,false,DEAD_RECKONING,28.00044516419493,77.0,10.0,0.0,63.17941223508542,4.95,0,0
4970000000,false,DEAD_RECKONING,28.000446063516534,77.0,10.0,0.0,63.31467406491722,4.96,0,0
4980000000,false,DEAD_RECKONING,28.00044696283814,77.0,10.0,0.0,63.44998513910373,4.97,0,0
4990000000,false,DEAD_RECKONING,28.00044786215975,77.0,10.0,0.0,63.585345525499235,4.98,0,0
5000000000,false,DEAD_RECKONING,28.000448761481355,77.0,10.0,0.0,63.720755291986194,4.99,0,0
5010000000,true,GNSS_AIDED,28.00044966080296,77.0,10.000000000010576,0.0,4.798294115584606,0.0,0,0
5020000000,true,GNSS_AIDED,28.000450560124566,77.0,10.000000000010571,0.0,4.804427567819681,0.01,0,0
5030000000,true,GNSS_AIDED,28.00045145944617,77.0,10.000000000010566,0.0,4.810707962449495,0.02,0,0
5040000000,true,GNSS_AIDED,28.000452358767777,77.0,10.00000000001056,0.0,4.817136365056403,0.03,0,0
5050000000,true,GNSS_AIDED,28.000453258089383,77.0,10.000000000010555,0.0,4.823713828429577,0.04,0,0
5060000000,true,GNSS_AIDED,28.00045415741099,77.0,10.00000000001055,0.0,4.830441392326795,0.05,0,0
5070000000,true,GNSS_AIDED,28.000455056732594,77.0,10.000000000010544,0.0,4.837320083241906,0.06,0,0
5080000000,true,GNSS_AIDED,28.000455956054203,77.0,10.00000000001054,0.0,4.844350914178173,0.07,0,0
5090000000,true,GNSS_AIDED,28.00045685537581,77.0,10.000000000010534,0.0,4.8515348844276796,0.08,0,0
5100000000,true,GNSS_AIDED,28.000457754697415,77.0,10.000000000010528,0.0,4.858872979356999,0.09,0,0
5110000000,true,GNSS_AIDED,28.00045865401902,77.0,10.000000000010523,0.0,4.866366170199274,0.1,0,0
5120000000,true,GNSS_AIDED,28.000459553340626,77.0,10.000000000010518,0.0,4.874015413852914,0.11,0,0
5130000000,true,GNSS_AIDED,28.00046045266223,77.0,10.000000000010512,0.0,4.881821652687036,0.12,0,0
5140000000,true,GNSS_AIDED,28.000461351983837,77.0,10.000000000010507,0.0,4.889785814353841,0.13,0,0
5150000000,true,GNSS_AIDED,28.000462251305443,77.0,10.000000000010502,0.0,4.897908811608045,0.14,0,0
5160000000,true,GNSS_AIDED,28.00046315062705,77.0,10.000000000010496,0.0,4.906191542133522,0.15,0,0
5170000000,true,GNSS_AIDED,28.000464049948654,77.0,10.000000000010491,0.0,4.914634888377294,0.16,0,0
5180000000,true,GNSS_AIDED,28.00046494927026,77.0,10.000000000010486,0.0,4.9232397173909765,0.17,0,0
5190000000,true,GNSS_AIDED,28.000465848591865,77.0,10.00000000001048,0.0,4.9320068806798165,0.18,0,0
5200000000,true,GNSS_AIDED,28.000466747913475,77.0,10.000000000010475,0.0,4.940937214059407,0.19,0,0
5210000000,true,GNSS_AIDED,28.00046764723508,77.0,10.00000000001047,0.0,4.950031537520203,0.2,0,0
5220000000,true,GNSS_AIDED,28.000468546556686,77.0,10.000000000010465,0.0,4.959290655099912,0.21,0,0
5230000000,true,GNSS_AIDED,28.00046944587829,77.0,10.00000000001046,0.0,4.9687153547638365,0.22,0,0
5240000000,true,GNSS_AIDED,28.000470345199897,77.0,10.000000000010454,0.0,4.9783064082932595,0.23,0,0
5250000000,true,GNSS_AIDED,28.000471244521503,77.0,10.000000000010449,0.0,4.988064571181911,0.24,0,0
5260000000,true,GNSS_AIDED,28.00047214384311,77.0,10.000000000010443,0.0,4.997990582540591,0.25,0,0
5270000000,true,GNSS_AIDED,28.000473043164714,77.0,10.000000000010438,0.0,5.008085165009975,0.26,0,0
5280000000,true,GNSS_AIDED,28.00047394248632,77.0,10.000000000010433,0.0,5.018349024681652,0.27,0,0
5290000000,true,GNSS_AIDED,28.000474841807925,77.0,10.000000000010427,0.0,5.028782851027402,0.28,0,0
5300000000,true,GNSS_AIDED,28.00047574112953,77.0,10.000000000010422,0.0,5.039387316836746,0.29,0,0
5310000000,true,GNSS_AIDED,28.000476640451136,77.0,10.000000000010417,0.0,5.050163078162764,0.3,0,0
5320000000,true,GNSS_AIDED,28.000477539772742,77.0,10.000000000010411,0.0,5.061110774276179,0.31,0,0
5330000000,true,GNSS_AIDED,28.00047843909435,77.0,10.000000000010406,0.0,5.072231027627698,0.32,0,0
5340000000,true,GNSS_AIDED,28.000479338415957,77.0,10.0000000000104,0.0,5.083524443818582,0.33,0,0
5350000000,true,GNSS_AIDED,28.000480237737563,77.0,10.000000000010395,0.0,5.094991611579423,0.34,0,0
5360000000,true,GNSS_AIDED,28.000481137059168,77.0,10.00000000001039,0.0,5.106633102757082,0.35,0,0
5370000000,true,GNSS_AIDED,28.000482036380774,77.0,10.000000000010385,0.0,5.118449472309734,0.36,0,0
5380000000,true,GNSS_AIDED,28.00048293570238,77.0,10.00000000001038,0.0,5.130441258309974,0.37,0,0
5390000000,true,GNSS_AIDED,28.000483835023985,77.0,10.000000000010374,0.0,5.142608981955914,0.38,0,0
5400000000,true,GNSS_AIDED,28.00048473434559,77.0,10.000000000010369,0.0,5.154953147590191,0.39,0,0
5410000000,true,GNSS_AIDED,28.000485633667196,77.0,10.000000000010363,0.0,5.167474242726808,0.4,0,0
5420000000,true,GNSS_AIDED,28.000486532988802,77.0,10.000000000010358,0.0,5.180172738085715,0.41,0,0
5430000000,true,GNSS_AIDED,28.000487432310408,77.0,10.000000000010353,0.0,5.1930490876350435,0.42,0,0
5440000000,true,GNSS_AIDED,28.000488331632013,77.0,10.000000000010347,0.0,5.20610372864086,0.43,0,0
5450000000,true,GNSS_AIDED,28.000489230953622,77.0,10.000000000010342,0.0,5.219337081724368,0.44,0,0
5460000000,true,GNSS_AIDED,28.000490130275228,77.0,10.000000000010337,0.0,5.232749550926386,0.45,0,0
5470000000,true,GNSS_AIDED,28.000491029596834,77.0,10.000000000010331,0.0,5.2463415237790345,0.46,0,0
5480000000,true,GNSS_AIDED,28.00049192891844,77.0,10.000000000010326,0.0,5.260113371384447,0.47,0,0
5490000000,true,GNSS_AIDED,28.000492828240045,77.0,10.00000000001032,0.0,5.274065448500389,0.48,0,0
5500000000,true,GNSS_AIDED,28.00049372756165,77.0,10.000000000010315,0.0,5.288198093632642,0.49,0,0
5510000000,true,GNSS_AIDED,28.000494626883256,77.0,10.00000000001031,0.0,5.302511629134,0.5,0,0
5520000000,true,GNSS_AIDED,28.000495526204862,77.0,10.000000000010305,0.0,5.31700636130971,0.51,0,0
5530000000,true,GNSS_AIDED,28.000496425526467,77.0,10.0000000000103,0.0,5.331682580529221,0.52,0,0
5540000000,true,GNSS_AIDED,28.000497324848073,77.0,10.000000000010294,0.0,5.346540561344041,0.53,0,0
5550000000,true,GNSS_AIDED,28.00049822416968,77.0,10.000000000010289,0.0,5.361580562611568,0.54,0,0
5560000000,true,GNSS_AIDED,28.000499123491284,77.0,10.000000000010283,0.0,5.376802827624703,0.55,0,0
5570000000,true,GNSS_AIDED,28.000500022812894,77.0,10.000000000010278,0.0,5.392207584247068,0.56,0,0
5580000000,true,GNSS_AIDED,28.0005009221345,77.0,10.000000000010273,0.0,5.407795045053649,0.57,0,0
5590000000,true,GNSS_AIDED,28.000501821456105,77.0,10.000000000010267,0.0,5.4235654074766915,0.58,0,0
5600000000,true,GNSS_AIDED,28.00050272077771,77.0,10.000000000010262,0.0,5.439518853956641,0.59,0,0
5610000000,true,GNSS_AIDED,28.000503620099316,77.0,10.000000000010257,0.0,5.455655552097968,0.6,0,0
5620000000,true,GNSS_AIDED,28.00050451942092,77.0,10.000000000010251,0.0,5.471975654829664,0.61,0,0
5630000000,true,GNSS_AIDED,28.000505418742527,77.0,10.000000000010246,0.0,5.48847930057022,0.62,0,0
5640000000,true,GNSS_AIDED,28.000506318064133,77.0,10.00000000001024,0.0,5.505166613396915,0.63,0,0
5650000000,true,GNSS_AIDED,28.00050721738574,77.0,10.000000000010235,0.0,5.522037703219187,0.64,0,0
5660000000,true,GNSS_AIDED,28.000508116707344,77.0,10.00000000001023,0.0,5.539092665955923,0.65,0,0
5670000000,true,GNSS_AIDED,28.00050901602895,77.0,10.000000000010225,0.0,5.55633158371645,0.66,0,0
5680000000,true,GNSS_AIDED,28.000509915350555,77.0,10.00000000001022,0.0,5.573754524985042,0.67,0,0
5690000000,true,GNSS_AIDED,28.000510814672165,77.0,10.000000000010214,0.0,5.591361544808747,0.68,0,0
5700000000,true,GNSS_AIDED,28.00051171399377,77.0,10.000000000010209,0.0,5.609152684988333,0.69,0,0
5710000000,true,GNSS_AIDED,28.000512613315376,77.0,10.000000000010203,0.0,5.627127974272178,0.7,0,0
5720000000,true,GNSS_AIDED,28.00051351263698,77.0,10.000000000010198,0.0,5.645287428552873,0.71,0,0
5730000000,true,GNSS_AIDED,28.000514411958587,77.0,10.000000000010193,0.0,5.663631051066387,0.72,0,0
5740000000,true,GNSS_AIDED,28.000515311280193,77.0,10.000000000010187,0.0,5.682158832593578,0.73,0,0
5750000000,true,GNSS_AIDED,28.0005162106018,77.0,10.000000000010182,0.0,5.700870751663869,0.74,0,0
5760000000,true,GNSS_AIDED,28.000517109923404,77.0,10.000000000010177,0.0,5.719766774760905,0.75,0,0
5770000000,true,GNSS_AIDED,28.00051800924501,77.0,10.000000000010171,0.0,5.738846856529995,0.76,0,0
5780000000,true,GNSS_AIDED,28.000518908566615,77.0,10.000000000010166,0.0,5.758110939987171,0.77,0,0
5790000000,true,GNSS_AIDED,28.00051980788822,77.0,10.00000000001016,0.0,5.777558956729678,0.78,0,0
5800000000,true,GNSS_AIDED,28.000520707209827,77.0,10.000000000010155,0.0,5.797190827147704,0.79,0,0
5810000000,true,GNSS_AIDED,28.000521606531432,77.0,10.00000000001015,0.0,5.817006460637211,0.8,0,0
5820000000,true,GNSS_AIDED,28.00052250585304,77.0,10.000000000010145,0.0,5.837005755813652,0.81,0,0
5830000000,true,GNSS_AIDED,28.000523405174647,77.0,10.00000000001014,0.0,5.8571886007264355,0.82,0,0
5840000000,true,GNSS_AIDED,28.000524304496253,77.0,10.000000000010134,0.0,5.8775548730739695,0.83,0,0
5850000000,true,GNSS_AIDED,28.00052520381786,77.0,10.000000000010129,0.0,5.898104440419111,0.84,0,0
5860000000,true,GNSS_AIDED,28.000526103139464,77.0,10.000000000010123,0.0,5.918837160404877,0.85,0,0
5870000000,true,GNSS_AIDED,28.00052700246107,77.0,10.000000000010118,0.0,5.939752880970253,0.86,0,0
5880000000,true,GNSS_AIDED,28.000527901782675,77.0,10.000000000010113,0.0,5.960851440565958,0.87,0,0
5890000000,true,GNSS_AIDED,28.00052880110428,77.0,10.000000000010107,0.0,5.982132668370016,0.88,0,0
5900000000,true,GNSS_AIDED,28.000529700425886,77.0,10.000000000010102,0.0,6.003596384502985,0.89,0,0
5910000000,true,GNSS_AIDED,28.000530599747492,77.0,10.000000000010097,0.0,6.02524240024272,0.9,0,0
5920000000,true,GNSS_AIDED,28.000531499069098,77.0,10.000000000010091,0.0,6.047070518238524,0.91,0,0
5930000000,true,GNSS_AIDED,28.000532398390703,77.0,10.000000000010086,0.0,6.069080532724564,0.92,0,0
5940000000,true,GNSS_AIDED,28.000533297712312,77.0,10.00000000001008,0.0,6.09127222973242,0.93,0,0
5950000000,true,GNSS_AIDED,28.000534197033918,77.0,10.000000000010075,0.0,6.11364538730266,0.94,0,0
5960000000,true,GNSS_AIDED,28.000535096355524,77.0,10.00000000001007,0.0,6.136199775695301,0.95,0,0
5970000000,true,GNSS_AIDED,28.00053599567713,77.0,10.000000000010065,0.0,6.15893515759907,0.96,0,0
5980000000,true,GNSS_AIDED,28.000536894998735,77.0,10.00000000001006,0.0,6.181851288339334,0.97,0,0
5990000000,true,GNSS_AIDED,28.00053779432034,77.0,10.000000000010054,0.0,6.204947916084608,0.98,0,0
6000000000,true,GNSS_AIDED,28.000538693641946,77.0,10.000000000010049,0.0,6.228224782051548,0.99,0,0
6010000000,true,GNSS_AIDED,28.000539592963552,77.0,10.000000000010044,0.0,6.2516816207083075,1.0,0,0
