TIME SINCE START (ms),DATE (YYYY-MO-DD HH-MI-SS_SSS),ACCELEROMETER X (m/s²),ACCELEROMETER Y (m/s²),ACCELEROMETER Z (m/s²),GYROSCOPE Yaw (rad/s),GYROSCOPE Pitch (rad/s),GYROSCOPE Roll (rad/s),GPS LATITUDE (degrees),GPS LONGITUDE (degrees),GPS SPEED (Kmh),GPS ORIENTATION (°),GPS ACCURACY (m)
2922,2019-09-08 10:07:49:546,0,0.025,9.80665,0.0,0,-0.01,12.0,77.0,18.0,0.0,2
3022,2019-09-08 10:07:49:646,0,0.025,9.80665,0.0,0,-0.01,12.000004498404424,77.0000000045989,18.0072,0.057295779513082325,2
3122,2019-09-08 10:07:49:746,0,0.025,9.80665,0.0,0,-0.01,12.00000899860074,77.00000001380039,18.0144,0.11459155902616465,2
3222,2019-09-08 10:07:49:846,0,0.025,9.80665,0.0,0,-0.01,12.000013500584439,77.00000002760811,18.021600000000003,0.171887338539247,2
3322,2019-09-08 10:07:49:946,0,0.025,9.80665,0.0,0,-0.01,12.000018004351011,77.00000004602573,18.0288,0.2291831180523293,2
3422,2019-09-08 10:07:50:046,0,0.025,9.80665,0.0,0,-0.01,12.000022509895937,77.00000006905694,18.036,0.2864788975654116,2
3522,2019-09-08 10:07:50:146,0,0.025,9.80665,0.0,0,-0.01,12.000027017214693,77.00000009670536,18.0432,0.343774677078494,2
3622,2019-09-08 10:07:50:246,0,0.025,9.80665,0.0,0,-0.01,12.00003152630275,77.00000012897465,18.0504,0.4010704565915763,2
3722,2019-09-08 10:07:50:346,0,0.025,9.80665,0.0,0,-0.01,12.000036037155574,77.00000016586846,18.0576,0.4583662361046586,2
3822,2019-09-08 10:07:50:446,0,0.025,9.80665,0.0,0,-0.01,12.000040549768626,77.00000020739043,18.064799999999998,0.5156620156177409,2
3922,2019-09-08 10:07:50:546,0,0.025,9.80665,0.0,0,-0.01,12.00004506413736,77.00000025354419,18.072,0.5729577951308232,2
4022,2019-09-08 10:07:50:646,0,0.025,9.80665,0.0,0,-0.01,12.000049580257226,77.00000030433338,18.0792,0.6302535746439056,2
4122,2019-09-08 10:07:50:746,0,0.025,9.80665,0.0,0,-0.01,12.000054098123668,77.00000035976161,18.0864,0.687549354156988,2
4222,2019-09-08 10:07:50:846,0,0.025,9.80665,0.0,0,-0.01,12.000058617732126,77.00000041983253,18.0936,0.7448451336700702,2
4322,2019-09-08 10:07:50:946,0,0.025,9.80665,0.0,0,-0.01,12.000063139078032,77.00000048454974,18.1008,0.8021409131831526,2
4422,2019-09-08 10:07:51:046,0,0.025,9.80665,0.0,0,-0.01,12.000067662156816,77.00000055391685,18.108,0.8594366926962348,2
4522,2019-09-08 10:07:51:146,0,0.025,9.80665,0.0,0,-0.01,12.0000721869639,77.00000062793747,18.1152,0.9167324722093172,2
4622,2019-09-08 10:07:51:246,0,0.025,9.80665,0.0,0,-0.01,12.000076713494702,77.0000007066152,18.1224,0.9740282517223996,2
4722,2019-09-08 10:07:51:346,0,0.025,9.80665,0.0,0,-0.01,12.000081241744633,77.00000078995365,18.1296,1.0313240312354819,2
4822,2019-09-08 10:07:51:446,0,0.025,9.80665,0.0,0,-0.01,12.000085771709102,77.00000087795641,18.1368,1.0886198107485643,2
4922,2019-09-08 10:07:51:546,0,0.025,9.80665,0.0,0,-0.01,12.00009030338351,77.00000097062706,18.144000000000002,1.1459155902616465,2
5022,2019-09-08 10:07:51:646,0,0.025,9.80665,0.0,0,-0.01,12.000094836763253,77.00000106796918,18.1512,1.2032113697747289,2
5122,2019-09-08 10:07:51:746,0,0.025,9.80665,0.0,0,-0.01,12.000099371843723,77.00000116998638,18.1584,1.2605071492878113,2
5222,2019-09-08 10:07:51:846,0,0.025,9.80665,0.0,0,-0.01,12.000103908620304,77.0000012766822,18.1656,1.3178029288008937,2
5322,2019-09-08 10:07:51:946,0,0.025,9.80665,0.0,0,-0.01,12.000108447088378,77.00000138806023,18.172800000000002,1.375098708313976,2
5422,2019-09-08 10:07:52:046,0,0.025,9.80665,0.0,0,-0.01,12.00011298724332,77.00000150412403,18.18,1.4323944878270582,2
5522,2019-09-08 10:07:52:146,0,0.025,9.80665,0.0,0,-0.01,12.0001175290805,77.00000162487716,18.1872,1.4896902673401404,2
5622,2019-09-08 10:07:52:246,0,0.025,9.80665,0.0,0,-0.01,12.000122072595282,77.00000175032318,18.1944,1.5469860468532228,2
5722,2019-09-08 10:07:52:346,0,0.025,9.80665,0.0,0,-0.01,12.000126617783025,77.00000188046562,18.2016,1.6042818263663052,2
5822,2019-09-08 10:07:52:446,0,0.025,9.80665,0.0,0,-0.01,12.000131164639084,77.00000201530806,18.2088,1.6615776058793876,2
5922,2019-09-08 10:07:52:546,0,0.025,9.80665,0.0,0,-0.01,12.000135713158809,77.00000215485402,18.215999999999998,1.7188733853924696,2
6022,2019-09-08 10:07:52:646,0,0.025,9.80665,0.0,0,-0.01,12.000140263337542,77.00000229910702,18.223200000000002,1.7761691649055522,2
6122,2019-09-08 10:07:52:746,0,0.025,9.80665,0.0,0,-0.01,12.000144815170621,77.00000244807065,18.2304,1.8334649444186344,2
6222,2019-09-08 10:07:52:846,0,0.025,9.80665,0.0,0,-0.01,12.00014936865338,77.00000260174836,18.2376,1.8907607239317168,2
6322,2019-09-08 10:07:52:946,0,0.025,9.80665,0.0,0,-0.01,12.000153923781145,77.00000276014373,18.244799999999998,1.9480565034447992,2
6422,2019-09-08 10:07:53:046,0,0.025,9.80665,0.0,0,-0.01,12.000158480549242,77.00000292326027,18.252000000000002,2.0053522829578814,2
6522,2019-09-08 10:07:53:146,0,0.025,9.80665,0.0,0,-0.01,12.000163038952985,77.00000309110146,18.2592,2.0626480624709638,2
6622,2019-09-08 10:07:53:246,0,0.025,9.80665,0.0,0,-0.01,12.000167598987689,77.00000326367083,18.2664,2.119943841984046,2
6722,2019-09-08 10:07:53:346,0,0.025,9.80665,0.0,0,-0.01,12.000172160648658,77.0000034409719,18.2736,2.1772396214971286,2
6822,2019-09-08 10:07:53:446,0,0.025,9.80665,0.0,0,-0.01,12.000176723931196,77.00000362300813,18.280800000000003,2.234535401010211,2
6922,2019-09-08 10:07:53:546,0,0.025,9.80665,0.0,0,-0.01,12.000181288830598,77.00000380978302,18.288,2.291831180523293,2
7022,2019-09-08 10:07:53:646,0,0.025,9.80665,0.0,0,-0.01,12.000185855342156,77.00000400130008,18.2952,2.3491269600363758,2
7122,2019-09-08 10:07:53:746,0,0.025,9.80665,0.0,0,-0.01,12.000190423461158,77.00000419756279,18.3024,2.4064227395494577,2
7222,2019-09-08 10:07:53:846,0,0.025,9.80665,0.0,0,-0.01,12.000194993182879,77.0000043985746,18.309600000000003,2.4637185190625397,2
7322,2019-09-08 10:07:53:946,0,0.025,9.80665,0.0,0,-0.01,12.000199564502601,77.00000460433903,18.3168,2.5210142985756225,2
7422,2019-09-08 10:07:54:046,0,0.025,9.80665,0.0,0,-0.01,12.00020413741559,77.00000481485951,18.324,2.5783100780887045,2
7522,2019-09-08 10:07:54:146,0,0.025,9.80665,0.0,0,-0.01,12.000208711917114,77.0000050301395,18.3312,2.6356058576017873,2
7622,2019-09-08 10:07:54:246,0,0.025,9.80665,0.0,0,-0.01,12.000213288002433,77.00000525018248,18.3384,2.6929016371148693,2
7722,2019-09-08 10:07:54:346,0,0.025,9.80665,0.0,0,-0.01,12.0002178656668,77.00000547499191,18.3456,2.750197416627952,2
7822,2019-09-08 10:07:54:446,0,0.025,9.80665,0.0,0,-0.01,12.000222444905466,77.00000570457122,18.3528,2.807493196141034,2
7922,2019-09-08 10:07:54:546,0,0.025,9.80665,0.0,0,-0.01,12.000227025713675,77.00000593892385,18.36,2.8647889756541165,2
8022,2019-09-08 10:07:54:646,0,0.025,9.80665,0.0,0,-0.01,12.000231608086667,77.00000617805325,18.3672,2.9220847551671985,2
8122,2019-09-08 10:07:54:746,0,0.025,9.80665,0.0,0,-0.01,12.000236192019676,77.00000642196287,18.3744,2.979380534680281,2
8222,2019-09-08 10:07:54:846,0,0.025,9.80665,0.0,0,-0.01,12.000240777507932,77.00000667065609,18.3816,3.0366763141933633,2
8322,2019-09-08 10:07:54:946,0,0.025,9.80665,0.0,0,-0.01,12.000245364546656,77.00000692413639,18.3888,3.0939720937064457,2
8422,2019-09-08 10:07:55:046,0,0.025,9.80665,0.0,0,-0.01,12.00024995313107,77.00000718240715,18.396,3.1512678732195276,2
8522,2019-09-08 10:07:55:146,0,0.025,9.80665,0.0,0,-0.01,12.000254543256386,77.0000074454718,18.403200000000002,3.2085636527326105,2
8622,2019-09-08 10:07:55:246,0,0.025,9.80665,0.0,0,-0.01,12.000259134917814,77.00000771333374,18.4104,3.2658594322456924,2
8722,2019-09-08 10:07:55:346,0,0.025,9.80665,0.0,0,-0.01,12.000263728110555,77.00000798599639,18.4176,3.3231552117587753,2
8822,2019-09-08 10:07:55:446,0,0.025,9.80665,0.0,0,-0.01,12.000268322829811,77.00000826346313,18.4248,3.380450991271857,2
8922,2019-09-08 10:07:55:546,0,0.025,9.80665,0.0,0,-0.01,12.00027291907077,77.00000854573736,18.432000000000002,3.437746770784939,2
9022,2019-09-08 10:07:55:646,0,0.025,9.80665,0.0,0,-0.01,12.000277516828625,77.00000883282247,18.4392,3.495042550298022,2
9122,2019-09-08 10:07:55:746,0,0.025,9.80665,0.0,0,-0.01,12.000282116098557,77.00000912472186,18.4464,3.5523383298111044,2
9222,2019-09-08 10:07:55:846,0,0.025,9.80665,0.0,0,-0.01,12.000286716875744,77.00000942143888,18.4536,3.6096341093241873,2
9322,2019-09-08 10:07:55:946,0,0.025,9.80665,0.0,0,-0.01,12.000291319155357,77.00000972297691,18.460800000000003,3.666929888837269,2
9422,2019-09-08 10:07:56:046,0,0.025,9.80665,0.0,0,-0.01,12.000295922932565,77.00001002933934,18.468,3.724225668350351,2
9522,2019-09-08 10:07:56:146,0,0.025,9.80665,0.0,0,-0.01,12.000300528202532,77.00001034052951,18.4752,3.7815214478634336,2
9622,2019-09-08 10:07:56:246,0,0.025,9.80665,0.0,0,-0.01,12.000305134960414,77.00001065655078,18.482400000000002,3.838817227376516,2
9722,2019-09-08 10:07:56:346,0,0.025,9.80665,0.0,0,-0.01,12.000309743201361,77.00001097740653,18.4896,3.8961130068895984,2
9822,2019-09-08 10:07:56:446,0,0.025,9.80665,0.0,0,-0.01,12.000314352920526,77.00001130310008,18.4968,3.953408786402681,2
9922,2019-09-08 10:07:56:546,0,0.025,9.80665,0.0,0,-0.01,12.000318964113047,77.00001163363478,18.503999999999998,4.010704565915763,2
10022,2019-09-08 10:07:56:646,0,0.025,9.80665,0.0,0,-0.01,12.000323576774063,77.00001196901397,18.511200000000002,4.068000345428845,2
10122,2019-09-08 10:07:56:746,0,0.025,9.80665,0.0,0,-0.01,12.000328190898705,77.00001230924099,18.5184,4.1252961249419275,2
10222,2019-09-08 10:07:56:846,0,0.025,9.80665,0.0,0,-0.01,12.0003328064821,77.00001265431915,18.5256,4.18259190445501,2
10322,2019-09-08 10:07:56:946,0,0.025,9.80665,0.0,0,-0.01,12.00033742351937,77.00001300425178,18.532799999999998,4.239887683968092,2
10422,2019-09-08 10:07:57:046,0,0.025,9.80665,0.0,0,-0.01,12.000342042005636,77.00001335904221,18.540000000000003,4.297183463481174,2
10522,2019-09-08 10:07:57:146,0,0.025,9.80665,0.0,0,-0.01,12.000346661936003,77.00001371869375,18.5472,4.354479242994257,2
10622,2019-09-08 10:07:57:246,0,0.025,9.80665,0.0,0,-0.01,12.000351283305584,77.0000140832097,18.5544,4.411775022507339,2
10722,2019-09-08 10:07:57:346,0,0.025,9.80665,0.0,0,-0.01,12.000355906109478,77.00001445259336,18.5616,4.469070802020422,2
10822,2019-09-08 10:07:57:446,0,0.025,9.80665,0.0,0,-0.01,12.000360530342782,77.00001482684803,18.568800000000003,4.5263665815335035,2
10922,2019-09-08 10:07:57:546,0,0.025,9.80665,0.0,0,-0.01,12.000365156000589,77.00001520597701,18.576,4.583662361046586,2
11022,2019-09-08 10:07:57:646,0,0.025,9.80665,0.0,0,-0.01,12.000369783077984,77.00001558998358,18.5832,4.640958140559668,2
11122,2019-09-08 10:07:57:746,0,0.025,9.80665,0.0,0,-0.01,12.00037441157005,77.000015978871,18.5904,4.6982539200727516,2
11222,2019-09-08 10:07:57:846,0,0.025,9.80665,0.0,0,-0.01,12.000379041471865,77.00001637264259,18.597600000000003,4.755549699585833,2
11322,2019-09-08 10:07:57:946,0,0.025,9.80665,0.0,0,-0.01,12.000383672778497,77.00001677130159,18.6048,4.8128454790989155,2
11422,2019-09-08 10:07:58:046,0,0.025,9.80665,0.0,0,-0.01,12.000388305485018,77.00001717485128,18.612000000000002,4.870141258611998,2
11522,2019-09-08 10:07:58:146,0,0.025,9.80665,0.0,0,-0.01,12.000392939586488,77.0000175832949,18.6192,4.927437038125079,2
11622,2019-09-08 10:07:58:246,0,0.025,9.80665,0.0,0,-0.01,12.000397575077962,77.00001799663573,18.6264,4.984732817638163,2
11722,2019-09-08 10:07:58:346,0,0.025,9.80665,0.0,0,-0.01,12.000402211954494,77.00001841487702,18.6336,5.042028597151245,2
11822,2019-09-08 10:07:58:446,0,0.025,9.80665,0.0,0,-0.01,12.00040685021113,77.000018838022,18.6408,5.0993243766643275,2
11922,2019-09-08 10:07:58:546,0,0.025,9.80665,0.0,0,-0.01,12.000411489842913,77.00001926607392,18.648,5.156620156177409,2
12022,2019-09-08 10:07:58:646,0,0.025,9.80665,0.0,0,-0.01,12.000416130844878,77.000019699036,18.6552,5.213915935690491,2
12122,2019-09-08 10:07:58:746,0,0.025,9.80665,0.0,0,-0.01,12.00042077321206,77.0000201369115,18.6624,5.271211715203575,2
12222,2019-09-08 10:07:58:846,0,0.025,9.80665,0.0,0,-0.01,12.000425416939484,77.00002057970362,18.6696,5.328507494716657,2
12322,2019-09-08 10:07:58:946,0,0.025,9.80665,0.0,0,-0.01,12.000430062022172,77.00002102741557,18.6768,5.385803274229739,2
12422,2019-09-08 10:07:59:046,0,0.025,9.80665,0.0,0,-0.01,12.000434708455142,77.00002148005059,18.684,5.443099053742821,2
12522,2019-09-08 10:07:59:146,0,0.025,9.80665,0.0,0,-0.01,12.000439356233407,77.00002193761188,18.691200000000002,5.500394833255904,2
12622,2019-09-08 10:07:59:246,0,0.025,9.80665,0.0,0,-0.01,12.000444005351975,77.00002240010262,18.6984,5.557690612768987,2
12722,2019-09-08 10:07:59:346,0,0.025,9.80665,0.0,0,-0.01,12.000448655805846,77.00002286752604,18.7056,5.614986392282068,2
12822,2019-09-08 10:07:59:446,0,0.025,9.80665,0.0,0,-0.01,12.00045330759002,77.00002333988532,18.7128,5.672282171795151,2
12922,2019-09-08 10:07:59:546,0,0.025,9.80665,0.0,0,-0.01,12.000457960699487,77.00002381718365,18.720000000000002,5.729577951308233,2
13022,2019-09-08 10:07:59:646,0,0.025,9.80665,0.0,0,-0.01,12.000462615129237,77.0000242994242,18.7272,5.786873730821315,2
13122,2019-09-08 10:07:59:746,0,0.025,9.80665,0.0,0,-0.01,12.000467270874253,77.00002478661017,18.7344,5.844169510334397,2
13222,2019-09-08 10:07:59:846,0,0.025,9.80665,0.0,0,-0.01,12.00047192792951,77.0000252787447,18.741600000000002,5.901465289847479,2
13322,2019-09-08 10:07:59:946,0,0.025,9.80665,0.0,0,-0.01,12.000476586289986,77.00002577583098,18.748800000000003,5.958761069360562,2
13422,2019-09-08 10:08:00:046,0,0.025,9.80665,0.0,0,-0.01,12.000481245950645,77.00002627787217,18.756,6.016056848873644,2
13522,2019-09-08 10:08:00:146,0,0.025,9.80665,0.0,0,-0.01,12.000485906906452,77.00002678487141,18.7632,6.0733526283867265,2
13622,2019-09-08 10:08:00:246,0,0.025,9.80665,0.0,0,-0.01,12.000490569152365,77.00002729683186,18.770400000000002,6.130648407899809,2
13722,2019-09-08 10:08:00:346,0,0.025,9.80665,0.0,0,-0.01,12.000495232683338,77.00002781375667,18.7776,6.187944187412891,2
13822,2019-09-08 10:08:00:446,0,0.025,9.80665,0.0,0,-0.01,12.00049989749432,77.00002833564898,18.7848,6.245239966925973,2
13922,2019-09-08 10:08:00:546,0,0.025,9.80665,0.0,0,-0.01,12.000504563580254,77.0000288625119,18.791999999999998,6.302535746439055,2
14022,2019-09-08 10:08:00:646,0,0.025,9.80665,0.0,0,-0.01,12.000509230936078,77.00002939434859,18.799200000000003,6.3598315259521385,2
14122,2019-09-08 10:08:00:746,0,0.025,9.80665,0.0,0,-0.01,12.00051389955673,77.00002993116215,18.8064,6.417127305465221,2
14222,2019-09-08 10:08:00:846,0,0.025,9.80665,0.0,0,-0.01,12.000518569437135,77.0000304729557,18.8136,6.474423084978302,2
14322,2019-09-08 10:08:00:946,0,0.025,9.80665,0.0,0,-0.01,12.000523240572221,77.00003101973238,18.8208,6.531718864491385,2
14422,2019-09-08 10:08:01:046,0,0.025,9.80665,0.0,0,-0.01,12.000527912956905,77.00003157149526,18.828000000000003,6.589014644004467,2
14522,2019-09-08 10:08:01:146,0,0.025,9.80665,0.0,0,-0.01,12.000532586586102,77.00003212824745,18.8352,6.6463104235175505,2
14622,2019-09-08 10:08:01:246,0,0.025,9.80665,0.0,0,-0.01,12.000537261454724,77.00003268999207,18.8424,6.703606203030632,2
14722,2019-09-08 10:08:01:346,0,0.025,9.80665,0.0,0,-0.01,12.000541937557674,77.0000332567322,18.8496,6.760901982543714,2
14822,2019-09-08 10:08:01:446,0,0.025,9.80665,0.0,0,-0.01,12.000546614889855,77.0000338284709,18.856800000000003,6.818197762056797,2
14922,2019-09-08 10:08:01:546,0,0.025,9.80665,0.0,0,-0.01,12.000551293446161,77.00003440521128,18.864,6.875493541569878,2
15022,2019-09-08 10:08:01:646,0,0.025,9.80665,0.0,0,-0.01,12.000555973221482,77.00003498695641,18.8712,6.932789321082962,2
15122,2019-09-08 10:08:01:746,0,0.025,9.80665,0.0,0,-0.01,12.000560654210705,77.00003557370934,18.8784,6.990085100596044,2
15222,2019-09-08 10:08:01:846,0,0.025,9.80665,0.0,0,-0.01,12.000565336408712,77.00003616547316,18.885600000000004,7.0473808801091264,2
15322,2019-09-08 10:08:01:946,0,0.025,9.80665,0.0,0,-0.01,12.000570019810377,77.0000367622509,18.8928,7.104676659622209,2
15422,2019-09-08 10:08:02:046,0,0.025,9.80665,0.0,0,-0.01,12.000574704410575,77.00003736404564,18.900000000000002,7.16197243913529,2
15522,2019-09-08 10:08:02:146,0,0.025,9.80665,0.0,0,-0.01,12.000579390204171,77.00003797086042,18.9072,7.2192682186483745,2
15622,2019-09-08 10:08:02:246,0,0.025,9.80665,0.0,0,-0.01,12.000584077186026,77.00003858269827,18.9144,7.276563998161455,2
15722,2019-09-08 10:08:02:346,0,0.025,9.80665,0.0,0,-0.01,12.000588765350999,77.00003919956222,18.9216,7.333859777674538,2
15822,2019-09-08 10:08:02:446,0,0.025,9.80665,0.0,0,-0.01,12.000593454693943,77.00003982145533,18.9288,7.39115555718762,2
15922,2019-09-08 10:08:02:546,0,0.025,9.80665,0.0,0,-0.01,12.000598145209706,77.0000404483806,18.936,7.448451336700702,2
16022,2019-09-08 10:08:02:646,0,0.025,9.80665,0.0,0,-0.01,12.00060283689313,77.00004108034106,18.9432,7.505747116213785,2
16122,2019-09-08 10:08:02:746,0,0.025,9.80665,0.0,0,-0.01,12.000607529739053,77.00004171733973,18.950400000000002,7.563042895726867,2
16222,2019-09-08 10:08:02:846,0,0.025,9.80665,0.0,0,-0.01,12.00061222374231,77.00004235937959,18.9576,7.62033867523995,2
16322,2019-09-08 10:08:02:946,0,0.025,9.80665,0.0,0,-0.01,12.000616918897729,77.00004300646368,18.9648,7.677634454753032,2
16422,2019-09-08 10:08:03:046,0,0.025,9.80665,0.0,0,-0.01,12.000621615200135,77.00004365859498,18.971999999999998,7.734930234266114,2
16522,2019-09-08 10:08:03:146,0,0.025,9.80665,0.0,0,-0.01,12.000626312644348,77.00004431577649,18.979200000000002,7.792226013779197,2
16622,2019-09-08 10:08:03:246,0,0.025,9.80665,0.0,0,-0.01,12.000631011225181,77.00004497801118,18.9864,7.849521793292279,2
16722,2019-09-08 10:08:03:346,0,0.025,9.80665,0.0,0,-0.01,12.000635710937445,77.00004564530205,18.9936,7.906817572805362,2
16822,2019-09-08 10:08:03:446,0,0.025,9.80665,0.0,0,-0.01,12.000640411775947,77.00004631765206,19.0008,7.964113352318444,2
16922,2019-09-08 10:08:03:546,0,0.025,9.80665,0.0,0,-0.01,12.000645113735485,77.00004699506418,19.008000000000003,8.021409131831525,2
17022,2019-09-08 10:08:03:646,0,0.025,9.80665,0.0,0,-0.01,12.000649816810858,77.0000476775414,19.0152,8.078704911344609,2
17122,2019-09-08 10:08:03:746,0,0.025,9.80665,0.0,0,-0.01,12.000654520996855,77.00004836508664,19.0224,8.13600069085769,2
17222,2019-09-08 10:08:03:846,0,0.025,9.80665,0.0,0,-0.01,12.000659226288263,77.00004905770288,19.0296,8.193296470370774,2
17322,2019-09-08 10:08:03:946,0,0.025,9.80665,0.0,0,-0.01,12.000663932679865,77.00004975539306,19.036800000000003,8.250592249883855,2
17422,2019-09-08 10:08:04:046,0,0.025,9.80665,0.0,0,-0.01,12.00066864016644,77.00005045816013,19.044,8.307888029396937,2
17522,2019-09-08 10:08:04:146,0,0.025,9.80665,0.0,0,-0.01,12.000673348742756,77.00005116600701,19.0512,8.36518380891002,2
17622,2019-09-08 10:08:04:246,0,0.025,9.80665,0.0,0,-0.01,12.000678058403585,77.00005187893665,19.058400000000002,8.422479588423103,2
17722,2019-09-08 10:08:04:346,0,0.025,9.80665,0.0,0,-0.01,12.00068276914369,77.00005259695195,19.0656,8.479775367936185,2
17822,2019-09-08 10:08:04:446,0,0.025,9.80665,0.0,0,-0.01,12.000687480957827,77.00005332005584,19.0728,8.537071147449266,2
17922,2019-09-08 10:08:04:546,0,0.025,9.80665,0.0,0,-0.01,12.000692193840754,77.00005404825126,19.08,8.594366926962348,2
18022,2019-09-08 10:08:04:646,0,0.025,9.80665,0.0,0,-0.01,12.00069690778722,77.00005478154108,19.0872,8.651662706475433,2
18122,2019-09-08 10:08:04:746,0,0.025,9.80665,0.0,0,-0.01,12.000701622791967,77.00005551992821,19.0944,8.708958485988514,2
18222,2019-09-08 10:08:04:846,0,0.025,9.80665,0.0,0,-0.01,12.000706338849737,77.00005626341557,19.1016,8.766254265501596,2
18322,2019-09-08 10:08:04:946,0,0.025,9.80665,0.0,0,-0.01,12.000711055955266,77.00005701200602,19.1088,8.823550045014677,2
18422,2019-09-08 10:08:05:046,0,0.025,9.80665,0.0,0,-0.01,12.000715774103284,77.00005776570248,19.116,8.88084582452776,2
18522,2019-09-08 10:08:05:146,0,0.025,9.80665,0.0,0,-0.01,12.000720493288519,77.00005852450779,19.1232,8.938141604040844,2
18622,2019-09-08 10:08:05:246,0,0.025,9.80665,0.0,0,-0.01,12.000725213505692,77.00005928842486,19.1304,8.995437383553925,2
18722,2019-09-08 10:08:05:346,0,0.025,9.80665,0.0,0,-0.01,12.000729934749522,77.00006005745655,19.1376,9.052733163067007,2
18822,2019-09-08 10:08:05:446,0,0.025,9.80665,0.0,0,-0.01,12.000734657014718,77.00006083160571,19.1448,9.11002894258009,2
18922,2019-09-08 10:08:05:546,0,0.025,9.80665,0.0,0,-0.01,12.000739380295993,77.0000616108752,19.152,9.167324722093172,2
19022,2019-09-08 10:08:05:646,0,0.025,9.80665,0.0,0,-0.01,12.000744104588046,77.00006239526788,19.159200000000002,9.224620501606255,2
19122,2019-09-08 10:08:05:746,0,0.025,9.80665,0.0,0,-0.01,12.000748829885579,77.00006318478658,19.1664,9.281916281119337,2
19222,2019-09-08 10:08:05:846,0,0.025,9.80665,0.0,0,-0.01,12.000753556183286,77.00006397943417,19.1736,9.33921206063242,2
19322,2019-09-08 10:08:05:946,0,0.025,9.80665,0.0,0,-0.01,12.000758283475855,77.00006477921346,19.1808,9.396507840145503,2
19422,2019-09-08 10:08:06:046,0,0.025,9.80665,0.0,0,-0.01,12.000763011757975,77.00006558412727,19.188000000000002,9.453803619658583,2
19522,2019-09-08 10:08:06:146,0,0.025,9.80665,0.0,0,-0.01,12.000767741024324,77.00006639417845,19.1952,9.511099399171666,2
19622,2019-09-08 10:08:06:246,0,0.025,9.80665,0.0,0,-0.01,12.00077247126958,77.0000672093698,19.2024,9.568395178684748,2
19722,2019-09-08 10:08:06:346,0,0.025,9.80665,0.0,0,-0.01,12.000777202488413,77.00006802970414,19.209600000000002,9.625690958197831,2
19822,2019-09-08 10:08:06:446,0,0.025,9.80665,0.0,0,-0.01,12.00078193467549,77.00006885518427,19.2168,9.682986737710912,2
19922,2019-09-08 10:08:06:546,0,0.025,9.80665,0.0,0,-0.01,12.000786667825476,77.00006968581297,19.224,9.740282517223996,2
20022,2019-09-08 10:08:06:646,0,0.025,9.80665,0.0,0,-0.01,12.00079140193303,77.00007052159307,19.231199999999998,9.797578296737077,2
20122,2019-09-08 10:08:06:746,0,0.025,9.80665,0.0,0,-0.01,12.000796136992802,77.00007136252735,19.238400000000002,9.854874076250159,2
20222,2019-09-08 10:08:06:846,0,0.025,9.80665,0.0,0,-0.01,12.000800872999445,77.00007220861858,19.2456,9.912169855763242,2
20322,2019-09-08 10:08:06:946,0,0.025,9.80665,0.0,0,-0.01,12.0008056099476,77.00007305986954,19.2528,9.969465635276325,2
20422,2019-09-08 10:08:07:046,0,0.025,9.80665,0.0,0,-0.01,12.00081034783191,77.000073916283,19.259999999999998,10.026761414789407,2
20522,2019-09-08 10:08:07:146,0,0.025,9.80665,0.0,0,-0.01,12.00081508664701,77.00007477786173,19.267200000000003,10.08405719430249,2
20622,2019-09-08 10:08:07:246,0,0.025,9.80665,0.0,0,-0.01,12.000819826387533,77.00007564460849,19.2744,10.14135297381557,2
20722,2019-09-08 10:08:07:346,0,0.025,9.80665,0.0,0,-0.01,12.000824567048102,77.00007651652602,19.2816,10.198648753328655,2
20822,2019-09-08 10:08:07:446,0,0.025,9.80665,0.0,0,-0.01,12.000829308623343,77.00007739361709,19.2888,10.255944532841736,2
20922,2019-09-08 10:08:07:546,0,0.025,9.80665,0.0,0,-0.01,12.000834051107871,77.00007827588442,19.296000000000003,10.313240312354818,2
21022,2019-09-08 10:08:07:646,0,0.025,9.80665,0.0,0,-0.01,12.000838794496303,77.00007916333077,19.3032,10.370536091867901,2
21122,2019-09-08 10:08:07:746,0,0.025,9.80665,0.0,0,-0.01,12.000843538783245,77.00008005595883,19.3104,10.427831871380983,2
21222,2019-09-08 10:08:07:846,0,0.025,9.80665,0.0,0,-0.01,12.000848283963304,77.00008095377137,19.3176,10.485127650894066,2
21322,2019-09-08 10:08:07:946,0,0.025,9.80665,0.0,0,-0.01,12.000853030031077,77.00008185677109,19.324800000000003,10.54242343040715,2
21422,2019-09-08 10:08:08:046,0,0.025,9.80665,0.0,0,-0.01,12.000857776981164,77.0000827649607,19.332,10.599719209920229,2
21522,2019-09-08 10:08:08:146,0,0.025,9.80665,0.0,0,-0.01,12.000862524808152,77.0000836783429,19.3392,10.657014989433314,2
21622,2019-09-08 10:08:08:246,0,0.025,9.80665,0.0,0,-0.01,12.000867273506632,77.0000845969204,19.3464,10.714310768946394,2
21722,2019-09-08 10:08:08:346,0,0.025,9.80665,0.0,0,-0.01,12.000872023071183,77.00008552069589,19.3536,10.771606548459477,2
21822,2019-09-08 10:08:08:446,0,0.025,9.80665,0.0,0,-0.01,12.000876773496385,77.00008644967207,19.3608,10.82890232797256,2
21922,2019-09-08 10:08:08:546,0,0.025,9.80665,0.0,0,-0.01,12.000881524776812,77.00008738385162,19.368,10.886198107485642,2
22022,2019-09-08 10:08:08:646,0,0.025,9.80665,0.0,0,-0.01,12.000886276907032,77.00008832323721,19.3752,10.943493886998725,2
22122,2019-09-08 10:08:08:746,0,0.025,9.80665,0.0,0,-0.01,12.000891029881611,77.00008926783151,19.3824,11.000789666511809,2
22222,2019-09-08 10:08:08:846,0,0.025,9.80665,0.0,0,-0.01,12.000895783695109,77.0000902176372,19.3896,11.058085446024888,2
22322,2019-09-08 10:08:08:946,0,0.025,9.80665,0.0,0,-0.01,12.000900538342083,77.00009117265691,19.3968,11.115381225537973,2
22422,2019-09-08 10:08:09:046,0,0.025,9.80665,0.0,0,-0.01,12.000905293817084,77.00009213289333,19.404,11.172677005051053,2
22522,2019-09-08 10:08:09:146,0,0.025,9.80665,0.0,0,-0.01,12.00091005011466,77.00009309834908,19.4112,11.229972784564136,2
22622,2019-09-08 10:08:09:246,0,0.025,9.80665,0.0,0,-0.01,12.000914807229353,77.00009406902682,19.418400000000002,11.28726856407722,2
22722,2019-09-08 10:08:09:346,0,0.025,9.80665,0.0,0,-0.01,12.000919565155703,77.00009504492918,19.4256,11.344564343590301,2
22822,2019-09-08 10:08:09:446,0,0.025,9.80665,0.0,0,-0.01,12.000924323888245,77.00009602605878,19.4328,11.401860123103384,2
22922,2019-09-08 10:08:09:546,0,0.025,9.80665,0.0,0,-0.01,12.000929083421507,77.00009701241827,19.44,11.459155902616466,2
23022,2019-09-08 10:08:09:646,0,0.025,9.80665,0.0,0,-0.01,12.000933843750017,77.00009800401023,19.447200000000002,11.516451682129548,2
23122,2019-09-08 10:08:09:746,0,0.025,9.80665,0.0,0,-0.01,12.000938604868297,77.0000990008373,19.4544,11.57374746164263,2
23222,2019-09-08 10:08:09:846,0,0.025,9.80665,0.0,0,-0.01,12.00094336677086,77.00010000290207,19.4616,11.631043241155712,2
23322,2019-09-08 10:08:09:946,0,0.025,9.80665,0.0,0,-0.01,12.000948129452224,77.00010101020716,19.4688,11.688339020668794,2
23422,2019-09-08 10:08:10:046,0,0.025,9.80665,0.0,0,-0.01,12.000952892906895,77.00010202275516,19.476000000000003,11.745634800181877,2
23522,2019-09-08 10:08:10:146,0,0.025,9.80665,0.0,0,-0.01,12.000957657129376,77.00010304054864,19.4832,11.802930579694959,2
23622,2019-09-08 10:08:10:246,0,0.025,9.80665,0.0,0,-0.01,12.000962422114169,77.00010406359019,19.4904,11.860226359208044,2
23722,2019-09-08 10:08:10:346,0,0.025,9.80665,0.0,0,-0.01,12.00096718785577,77.00010509188239,19.497600000000002,11.917522138721123,2
23822,2019-09-08 10:08:10:446,0,0.025,9.80665,0.0,0,-0.01,12.000971954348667,77.00010612542782,19.5048,11.974817918234207,2
23922,2019-09-08 10:08:10:546,0,0.025,9.80665,0.0,0,-0.01,12.000976721587351,77.00010716422902,19.512,12.032113697747288,2
24022,2019-09-08 10:08:10:646,0,0.025,9.80665,0.0,0,-0.01,12.000981489566303,77.00010820828857,19.519199999999998,12.089409477260372,2
24122,2019-09-08 10:08:10:746,0,0.025,9.80665,0.0,0,-0.01,12.000986258280005,77.000109257609,19.526400000000002,12.146705256773453,2
24222,2019-09-08 10:08:10:846,0,0.025,9.80665,0.0,0,-0.01,12.000991027722925,77.00011031219289,19.5336,12.204001036286536,2
24322,2019-09-08 10:08:10:946,0,0.025,9.80665,0.0,0,-0.01,12.000995797889537,77.00011137204274,19.5408,12.261296815799618,2
24422,2019-09-08 10:08:11:046,0,0.025,9.80665,0.0,0,-0.01,12.001000568774309,77.0001124371611,19.548,12.3185925953127,2
24522,2019-09-08 10:08:11:146,0,0.025,9.80665,0.0,0,-0.01,12.001005340371698,77.00011350755052,19.555200000000003,12.375888374825783,2
24622,2019-09-08 10:08:11:246,0,0.025,9.80665,0.0,0,-0.01,12.001010112676163,77.00011458321349,19.5624,12.433184154338866,2
24722,2019-09-08 10:08:11:346,0,0.025,9.80665,0.0,0,-0.01,12.001014885682158,77.00011566415255,19.5696,12.490479933851946,2
24822,2019-09-08 10:08:11:446,0,0.025,9.80665,0.0,0,-0.01,12.001019659384133,77.00011675037018,19.5768,12.54777571336503,2
24922,2019-09-08 10:08:11:546,0,0.025,9.80665,0.0,0,-0.01,12.00102443377653,77.00011784186891,19.584000000000003,12.60507149287811,2
25022,2019-09-08 10:08:11:646,0,0.025,9.80665,0.0,0,-0.01,12.001029208853792,77.00011893865124,19.5912,12.662367272391196,2
25122,2019-09-08 10:08:11:746,0,0.025,9.80665,0.0,0,-0.01,12.001033984610356,77.00012004071964,19.5984,12.719663051904277,2
25222,2019-09-08 10:08:11:846,0,0.025,9.80665,0.0,0,-0.01,12.00103876104065,77.00012114807662,19.6056,12.776958831417359,2
25322,2019-09-08 10:08:11:946,0,0.025,9.80665,0.0,0,-0.01,12.001043538139104,77.00012226072462,19.612800000000004,12.834254610930442,2
25422,2019-09-08 10:08:12:046,0,0.025,9.80665,0.0,0,-0.01,12.001048315900144,77.00012337866616,19.62,12.891550390443523,2
25522,2019-09-08 10:08:12:146,0,0.025,9.80665,0.0,0,-0.01,12.00105309431819,77.00012450190367,19.627200000000002,12.948846169956605,2
25622,2019-09-08 10:08:12:246,0,0.025,9.80665,0.0,0,-0.01,12.001057873387653,77.00012563043964,19.6344,13.00614194946969,2
25722,2019-09-08 10:08:12:346,0,0.025,9.80665,0.0,0,-0.01,12.001062653102947,77.0001267642765,19.6416,13.06343772898277,2
25822,2019-09-08 10:08:12:446,0,0.025,9.80665,0.0,0,-0.01,12.001067433458479,77.00012790341671,19.6488,13.120733508495855,2
25922,2019-09-08 10:08:12:546,0,0.025,9.80665,0.0,0,-0.01,12.001072214448653,77.00012904786271,19.656,13.178029288008934,2
26022,2019-09-08 10:08:12:646,0,0.025,9.80665,0.0,0,-0.01,12.001076996067868,77.00013019761695,19.6632,13.235325067522018,2
26122,2019-09-08 10:08:12:746,0,0.025,9.80665,0.0,0,-0.01,12.001081778310516,77.00013135268185,19.6704,13.292620847035101,2
26222,2019-09-08 10:08:12:846,0,0.025,9.80665,0.0,0,-0.01,12.001086561170991,77.00013251305982,19.6776,13.349916626548183,2
26322,2019-09-08 10:08:12:946,0,0.025,9.80665,0.0,0,-0.01,12.001091344643678,77.0001336787533,19.6848,13.407212406061264,2
26422,2019-09-08 10:08:13:046,0,0.025,9.80665,0.0,0,-0.01,12.001096128722958,77.00013484976469,19.692,13.464508185574347,2
26522,2019-09-08 10:08:13:146,0,0.025,9.80665,0.0,0,-0.01,12.001100913403212,77.0001360260964,19.6992,13.521803965087429,2
26622,2019-09-08 10:08:13:246,0,0.025,9.80665,0.0,0,-0.01,12.001105698678813,77.00013720775081,19.706400000000002,13.579099744600512,2
26722,2019-09-08 10:08:13:346,0,0.025,9.80665,0.0,0,-0.01,12.00111048454413,77.00013839473036,19.7136,13.636395524113594,2
26822,2019-09-08 10:08:13:446,0,0.025,9.80665,0.0,0,-0.01,12.001115270993532,77.00013958703738,19.7208,13.693691303626677,2
26922,2019-09-08 10:08:13:546,0,0.025,9.80665,0.0,0,-0.01,12.001120058021378,77.0001407846743,19.728,13.750987083139757,2
27022,2019-09-08 10:08:13:646,0,0.025,9.80665,0.0,0,-0.01,12.001124845622028,77.00014198764346,19.735200000000003,13.808282862652842,2
27122,2019-09-08 10:08:13:746,0,0.025,9.80665,0.0,0,-0.01,12.001129633789834,77.00014319594725,19.7424,13.865578642165923,2
27222,2019-09-08 10:08:13:846,0,0.025,9.80665,0.0,0,-0.01,12.001134422519147,77.000144409588,19.7496,13.922874421679007,2
27322,2019-09-08 10:08:13:946,0,0.025,9.80665,0.0,0,-0.01,12.001139211804311,77.00014562856812,19.756800000000002,13.980170201192088,2
27422,2019-09-08 10:08:14:046,0,0.025,9.80665,0.0,0,-0.01,12.001144001639672,77.00014685288991,19.764000000000003,14.03746598070517,2
27522,2019-09-08 10:08:14:146,0,0.025,9.80665,0.0,0,-0.01,12.001148792019562,77.00014808255574,19.7712,14.094761760218253,2
27622,2019-09-08 10:08:14:246,0,0.025,9.80665,0.0,0,-0.01,12.001153582938318,77.00014931756795,19.7784,14.152057539731334,2
27722,2019-09-08 10:08:14:346,0,0.025,9.80665,0.0,0,-0.01,12.001158374390268,77.00015055792885,19.785600000000002,14.209353319244418,2
27822,2019-09-08 10:08:14:446,0,0.025,9.80665,0.0,0,-0.01,12.00116316636974,77.00015180364078,19.7928,14.2666490987575,2
27922,2019-09-08 10:08:14:546,0,0.025,9.80665,0.0,0,-0.01,12.001167958871052,77.00015305470605,19.8,14.32394487827058,2
28022,2019-09-08 10:08:14:646,0,0.025,9.80665,0.0,0,-0.01,12.001172751888525,77.00015431112696,19.807199999999998,14.381240657783662,2
28122,2019-09-08 10:08:14:746,0,0.025,9.80665,0.0,0,-0.01,12.001177545416471,77.00015557290585,19.814400000000003,14.438536437296749,2
28222,2019-09-08 10:08:14:846,0,0.025,9.80665,0.0,0,-0.01,12.001182339449198,77.00015684004501,19.8216,14.495832216809827,2
28322,2019-09-08 10:08:14:946,0,0.025,9.80665,0.0,0,-0.01,12.001187133981015,77.00015811254671,19.8288,14.55312799632291,2
28422,2019-09-08 10:08:15:046,0,0.025,9.80665,0.0,0,-0.01,12.001191929006218,77.00015939041327,19.836,14.610423775835992,2
28522,2019-09-08 10:08:15:146,0,0.025,9.80665,0.0,0,-0.01,12.00119672451911,77.00016067364695,19.843200000000003,14.667719555349075,2
28622,2019-09-08 10:08:15:246,0,0.025,9.80665,0.0,0,-0.01,12.001201520513984,77.00016196225002,19.8504,14.725015334862157,2
28722,2019-09-08 10:08:15:346,0,0.025,9.80665,0.0,0,-0.01,12.001206316985126,77.00016325622475,19.8576,14.78231111437524,2
28822,2019-09-08 10:08:15:446,0,0.025,9.80665,0.0,0,-0.01,12.001211113926825,77.00016455557342,19.8648,14.839606893888321,2
28922,2019-09-08 10:08:15:546,0,0.025,9.80665,0.0,0,-0.01,12.001215911333363,77.00016586029827,19.872,14.896902673401405,2
29022,2019-09-08 10:08:15:646,0,0.025,9.80665,0.0,0,-0.01,12.001220709199014,77.00016717040155,19.8792,14.954198452914486,2
29122,2019-09-08 10:08:15:746,0,0.025,9.80665,0.0,0,-0.01,12.001225507518056,77.00016848588552,19.886400000000002,15.01149423242757,2
29222,2019-09-08 10:08:15:846,0,0.025,9.80665,0.0,0,-0.01,12.001230306284757,77.0001698067524,19.8936,15.068790011940651,2
29322,2019-09-08 10:08:15:946,0,0.025,9.80665,0.0,0,-0.01,12.001235105493382,77.00017113300441,19.900800000000004,15.126085791453734,2
29422,2019-09-08 10:08:16:046,0,0.025,9.80665,0.0,0,-0.01,12.001239905138197,77.0001724646438,19.908,15.183381570966816,2
29522,2019-09-08 10:08:16:146,0,0.025,9.80665,0.0,0,-0.01,12.001244705213455,77.00017380167277,19.915200000000002,15.2406773504799,2
29622,2019-09-08 10:08:16:246,0,0.025,9.80665,0.0,0,-0.01,12.001249505713416,77.00017514409353,19.9224,15.29797312999298,2
29722,2019-09-08 10:08:16:346,0,0.025,9.80665,0.0,0,-0.01,12.001254306632326,77.0001764919083,19.9296,15.355268909506064,2
29822,2019-09-08 10:08:16:446,0,0.025,9.80665,0.0,0,-0.01,12.001259107964431,77.00017784511927,19.9368,15.412564689019145,2
29922,2019-09-08 10:08:16:546,0,0.025,9.80665,0.0,0,-0.01,12.001263909703978,77.00017920372864,19.944,15.469860468532229,2
30022,2019-09-08 10:08:16:646,0,0.025,9.80665,0.0,0,-0.01,12.001268711845203,77.00018056773857,19.9512,15.52715624804531,2
30122,2019-09-08 10:08:16:746,0,0.025,9.80665,0.0,0,-0.01,12.001273514382339,77.00018193715127,19.9584,15.584452027558394,2
30222,2019-09-08 10:08:16:846,0,0.025,9.80665,0.0,0,-0.01,12.001278317309621,77.00018331196888,19.965600000000002,15.641747807071475,2
30322,2019-09-08 10:08:16:946,0,0.025,9.80665,0.0,0,-0.01,12.001283120621274,77.00018469219361,19.9728,15.699043586584558,2
30422,2019-09-08 10:08:17:046,0,0.025,9.80665,0.0,0,-0.01,12.001287924311521,77.00018607782759,19.98,15.75633936609764,2
30522,2019-09-08 10:08:17:146,0,0.025,9.80665,0.0,0,-0.01,12.001292728374583,77.00018746887298,19.987199999999998,15.813635145610723,2
30622,2019-09-08 10:08:17:246,0,0.025,9.80665,0.0,0,-0.01,12.001297532804674,77.00018886533192,19.994400000000002,15.870930925123805,2
30722,2019-09-08 10:08:17:346,0,0.025,9.80665,0.0,0,-0.01,12.001302337596007,77.00019026720658,20.0016,15.928226704636888,2
30822,2019-09-08 10:08:17:446,0,0.025,9.80665,0.0,0,-0.01,12.001307142742789,77.00019167449905,20.0088,15.98552248414997,2
30922,2019-09-08 10:08:17:546,0,0.025,9.80665,0.0,0,-0.01,12.001311948239225,77.0001930872115,20.016000000000002,16.04281826366305,2
31022,2019-09-08 10:08:17:646,0,0.025,9.80665,0.0,0,-0.01,12.001316754079514,77.00019450534603,20.023200000000003,16.100114043176134,2
31122,2019-09-08 10:08:17:746,0,0.025,9.80665,0.0,0,-0.01,12.001321560257857,77.00019592890476,20.0304,16.157409822689218,2
31222,2019-09-08 10:08:17:846,0,0.025,9.80665,0.0,0,-0.01,12.00132636676844,77.00019735788979,20.0376,16.214705602202297,2
31322,2019-09-08 10:08:17:946,0,0.025,9.80665,0.0,0,-0.01,12.001331173605458,77.00019879230324,20.0448,16.27200138171538,2
31422,2019-09-08 10:08:18:046,0,0.025,9.80665,0.0,0,-0.01,12.001335980763091,77.00020023214718,20.052000000000003,16.329297161228464,2
31522,2019-09-08 10:08:18:146,0,0.025,9.80665,0.0,0,-0.01,12.001340788235526,77.00020167742373,20.0592,16.386592940741547,2
31622,2019-09-08 10:08:18:246,0,0.025,9.80665,0.0,0,-0.01,12.001345596016936,77.00020312813496,20.0664,16.443888720254627,2
31722,2019-09-08 10:08:18:346,0,0.025,9.80665,0.0,0,-0.01,12.001350404101496,77.00020458428294,20.073600000000003,16.50118449976771,2
31822,2019-09-08 10:08:18:446,0,0.025,9.80665,0.0,0,-0.01,12.001355212483379,77.00020604586975,20.0808,16.558480279280793,2
31922,2019-09-08 10:08:18:546,0,0.025,9.80665,0.0,0,-0.01,12.001360021156747,77.00020751289743,20.088,16.615776058793873,2
32022,2019-09-08 10:08:18:646,0,0.025,9.80665,0.0,0,-0.01,12.001364830115767,77.00020898536808,20.0952,16.673071838306956,2
32122,2019-09-08 10:08:18:746,0,0.025,9.80665,0.0,0,-0.01,12.001369639354595,77.00021046328372,20.1024,16.73036761782004,2
32222,2019-09-08 10:08:18:846,0,0.025,9.80665,0.0,0,-0.01,12.001374448867386,77.00021194664639,20.1096,16.787663397333123,2
32322,2019-09-08 10:08:18:946,0,0.025,9.80665,0.0,0,-0.01,12.001379258648294,77.00021343545815,20.1168,16.844959176846206,2
32422,2019-09-08 10:08:19:046,0,0.025,9.80665,0.0,0,-0.01,12.001384068691465,77.00021492972101,20.124,16.902254956359286,2
32522,2019-09-08 10:08:19:146,0,0.025,9.80665,0.0,0,-0.01,12.001388878991044,77.00021642943702,20.131200000000003,16.95955073587237,2
32622,2019-09-08 10:08:19:246,0,0.025,9.80665,0.0,0,-0.01,12.00139368954117,77.00021793460816,20.1384,17.016846515385453,2
32722,2019-09-08 10:08:19:346,0,0.025,9.80665,0.0,0,-0.01,12.00139850033598,77.00021944523647,20.1456,17.074142294898532,2
32822,2019-09-08 10:08:19:446,0,0.025,9.80665,0.0,0,-0.01,12.001403311369609,77.00022096132396,20.1528,17.131438074411616,2
32922,2019-09-08 10:08:19:546,0,0.025,9.80665,0.0,0,-0.01,12.001408122636185,77.0002224828726,20.16,17.188733853924695,2
33022,2019-09-08 10:08:19:646,0,0.025,9.80665,0.0,0,-0.01,12.001412934129833,77.0002240098844,20.1672,17.246029633437782,2
33122,2019-09-08 10:08:19:746,0,0.025,9.80665,0.0,0,-0.01,12.001417745844675,77.00022554236135,20.174400000000002,17.303325412950866,2
33222,2019-09-08 10:08:19:846,0,0.025,9.80665,0.0,0,-0.01,12.00142255777483,77.00022708030542,20.1816,17.36062119246394,2
33322,2019-09-08 10:08:19:946,0,0.025,9.80665,0.0,0,-0.01,12.001427369914413,77.00022862371858,20.188800000000004,17.41791697197703,2
33422,2019-09-08 10:08:20:046,0,0.025,9.80665,0.0,0,-0.01,12.001432182257535,77.00023017260281,20.196,17.47521275149011,2
33522,2019-09-08 10:08:20:146,0,0.025,9.80665,0.0,0,-0.01,12.001436994798302,77.00023172696007,20.203200000000002,17.53250853100319,2
33622,2019-09-08 10:08:20:246,0,0.025,9.80665,0.0,0,-0.01,12.00144180753082,77.00023328679228,20.2104,17.589804310516275,2
33722,2019-09-08 10:08:20:346,0,0.025,9.80665,0.0,0,-0.01,12.001446620449187,77.00023485210141,20.2176,17.647100090029355,2
33822,2019-09-08 10:08:20:446,0,0.025,9.80665,0.0,0,-0.01,12.001451433547501,77.0002364228894,20.224800000000002,17.70439586954244,2
33922,2019-09-08 10:08:20:546,0,0.025,9.80665,0.0,0,-0.01,12.001456246819854,77.00023799915817,20.232,17.76169164905552,2
34022,2019-09-08 10:08:20:646,0,0.025,9.80665,0.0,0,-0.01,12.001461060260338,77.00023958090968,20.2392,17.8189874285686,2
34122,2019-09-08 10:08:20:746,0,0.025,9.80665,0.0,0,-0.01,12.001465873863035,77.0002411681458,20.2464,17.876283208081688,2
34222,2019-09-08 10:08:20:846,0,0.025,9.80665,0.0,0,-0.01,12.001470687622028,77.00024276086847,20.253600000000002,17.933578987594768,2
34322,2019-09-08 10:08:20:946,0,0.025,9.80665,0.0,0,-0.01,12.001475501531397,77.0002443590796,20.2608,17.99087476710785,2
34422,2019-09-08 10:08:21:046,0,0.025,9.80665,0.0,0,-0.01,12.001480315585217,77.0002459627811,20.268,18.04817054662093,2
34522,2019-09-08 10:08:21:146,0,0.025,9.80665,0.0,0,-0.01,12.001485129777558,77.00024757197482,20.275199999999998,18.105466326134014,2
34622,2019-09-08 10:08:21:246,0,0.025,9.80665,0.0,0,-0.01,12.00148994410249,77.00024918666269,20.282400000000003,18.1627621056471,2
34722,2019-09-08 10:08:21:346,0,0.025,9.80665,0.0,0,-0.01,12.001494758554074,77.00025080684657,20.2896,18.22005788516018,2
34822,2019-09-08 10:08:21:446,0,0.025,9.80665,0.0,0,-0.01,12.001499573126374,77.00025243252833,20.2968,18.27735366467326,2
34922,2019-09-08 10:08:21:546,0,0.025,9.80665,0.0,0,-0.01,12.001504387813446,77.00025406370985,20.304,18.334649444186343,2
35022,2019-09-08 10:08:21:646,0,0.025,9.80665,0.0,0,-0.01,12.001509202609345,77.00025570039297,20.311200000000003,18.391945223699427,2
35122,2019-09-08 10:08:21:746,0,0.025,9.80665,0.0,0,-0.01,12.001514017508118,77.00025734257956,20.3184,18.44924100321251,2
35222,2019-09-08 10:08:21:846,0,0.025,9.80665,0.0,0,-0.01,12.001518832503816,77.00025899027146,20.3256,18.506536782725593,2
35322,2019-09-08 10:08:21:946,0,0.025,9.80665,0.0,0,-0.01,12.001523647590478,77.00026064347053,20.3328,18.563832562238673,2
35422,2019-09-08 10:08:22:046,0,0.025,9.80665,0.0,0,-0.01,12.001528462762145,77.00026230217856,20.340000000000003,18.621128341751756,2
35522,2019-09-08 10:08:22:146,0,0.025,9.80665,0.0,0,-0.01,12.001533278012856,77.00026396639741,20.3472,18.67842412126484,2
35622,2019-09-08 10:08:22:246,0,0.025,9.80665,0.0,0,-0.01,12.00153809333664,77.00026563612889,20.354400000000002,18.73571990077792,2
35722,2019-09-08 10:08:22:346,0,0.025,9.80665,0.0,0,-0.01,12.00154290872753,77.00026731137481,20.361600000000003,18.793015680291006,2
35822,2019-09-08 10:08:22:446,0,0.025,9.80665,0.0,0,-0.01,12.001547724179545,77.000268992137,20.3688,18.850311459804086,2
35922,2019-09-08 10:08:22:546,0,0.025,9.80665,0.0,0,-0.01,12.001552539686715,77.00027067841721,20.376,18.907607239317166,2
36022,2019-09-08 10:08:22:646,0,0.025,9.80665,0.0,0,-0.01,12.001557355243055,77.00027237021727,20.3832,18.96490301883025,2
36122,2019-09-08 10:08:22:746,0,0.025,9.80665,0.0,0,-0.01,12.00156217084258,77.00027406753898,20.3904,19.022198798343332,2
36222,2019-09-08 10:08:22:846,0,0.025,9.80665,0.0,0,-0.01,12.001566986479304,77.00027577038408,20.3976,19.07949457785642,2
36322,2019-09-08 10:08:22:946,0,0.025,9.80665,0.0,0,-0.01,12.001571802147234,77.00027747875437,20.4048,19.136790357369495,2
36422,2019-09-08 10:08:23:046,0,0.025,9.80665,0.0,0,-0.01,12.001576617840374,77.00027919265159,20.412,19.19408613688258,2
36522,2019-09-08 10:08:23:146,0,0.025,9.80665,0.0,0,-0.01,12.00158143355273,77.00028091207753,20.4192,19.251381916395662,2
36622,2019-09-08 10:08:23:246,0,0.025,9.80665,0.0,0,-0.01,12.001586249278294,77.00028263703393,20.4264,19.308677695908745,2
36722,2019-09-08 10:08:23:346,0,0.025,9.80665,0.0,0,-0.01,12.001591065011064,77.00028436752254,20.433600000000002,19.365973475421825,2
36822,2019-09-08 10:08:23:446,0,0.025,9.80665,0.0,0,-0.01,12.001595880745034,77.00028610354508,20.4408,19.423269254934905,2
36922,2019-09-08 10:08:23:546,0,0.025,9.80665,0.0,0,-0.01,12.001600696474188,77.0002878451033,20.448,19.48056503444799,2
37022,2019-09-08 10:08:23:646,0,0.025,9.80665,0.0,0,-0.01,12.001605512192512,77.00028959219892,20.4552,19.537860813961075,2
37122,2019-09-08 10:08:23:746,0,0.025,9.80665,0.0,0,-0.01,12.001610327893987,77.00029134483367,20.462400000000002,19.595156593474155,2
37222,2019-09-08 10:08:23:846,0,0.025,9.80665,0.0,0,-0.01,12.001615143572591,77.00029310300924,20.4696,19.652452372987238,2
37322,2019-09-08 10:08:23:946,0,0.025,9.80665,0.0,0,-0.01,12.0016199592223,77.00029486672736,20.4768,19.709748152500318,2
37422,2019-09-08 10:08:24:046,0,0.025,9.80665,0.0,0,-0.01,12.001624774837083,77.00029663598971,20.484,19.767043932013404,2
37522,2019-09-08 10:08:24:146,0,0.025,9.80665,0.0,0,-0.01,12.001629590410909,77.000298410798,20.491200000000003,19.824339711526484,2
37622,2019-09-08 10:08:24:246,0,0.025,9.80665,0.0,0,-0.01,12.001634405937741,77.00030019115388,20.4984,19.881635491039567,2
37722,2019-09-08 10:08:24:346,0,0.025,9.80665,0.0,0,-0.01,12.00163922141154,77.00030197705907,20.5056,19.93893127055265,2
37822,2019-09-08 10:08:24:446,0,0.025,9.80665,0.0,0,-0.01,12.001644036826267,77.00030376851521,20.512800000000002,19.99622705006573,2
37922,2019-09-08 10:08:24:546,0,0.025,9.80665,0.0,0,-0.01,12.001648852175874,77.00030556552399,20.52,20.053522829578814,2
38022,2019-09-08 10:08:24:646,0,0.025,9.80665,0.0,0,-0.01,12.001653667454313,77.00030736808704,20.5272,20.110818609091897,2
38122,2019-09-08 10:08:24:746,0,0.025,9.80665,0.0,0,-0.01,12.001658482655532,77.00030917620603,20.534399999999998,20.16811438860498,2
38222,2019-09-08 10:08:24:846,0,0.025,9.80665,0.0,0,-0.01,12.001663297773474,77.0003109898826,20.541600000000003,20.225410168118064,2
38322,2019-09-08 10:08:24:946,0,0.025,9.80665,0.0,0,-0.01,12.001668112802081,77.0003128091184,20.5488,20.28270594763114,2
38422,2019-09-08 10:08:25:046,0,0.025,9.80665,0.0,0,-0.01,12.00167292773529,77.00031463391502,20.556,20.340001727144223,2
38522,2019-09-08 10:08:25:146,0,0.025,9.80665,0.0,0,-0.01,12.00167774256704,77.00031646427414,20.5632,20.39729750665731,2
38622,2019-09-08 10:08:25:246,0,0.025,9.80665,0.0,0,-0.01,12.001682557291257,77.00031830019732,20.570400000000003,20.454593286170393,2
38722,2019-09-08 10:08:25:346,0,0.025,9.80665,0.0,0,-0.01,12.001687371901872,77.00032014168622,20.5776,20.511889065683473,2
38822,2019-09-08 10:08:25:446,0,0.025,9.80665,0.0,0,-0.01,12.001692186392809,77.0003219887424,20.5848,20.569184845196553,2
38922,2019-09-08 10:08:25:546,0,0.025,9.80665,0.0,0,-0.01,12.00169700075799,77.00032384136749,20.592,20.626480624709636,2
39022,2019-09-08 10:08:25:646,0,0.025,9.80665,0.0,0,-0.01,12.001701814991332,77.00032569956306,20.599200000000003,20.683776404222723,2
39122,2019-09-08 10:08:25:746,0,0.025,9.80665,0.0,0,-0.01,12.001706629086753,77.0003275633307,20.6064,20.741072183735803,2
39222,2019-09-08 10:08:25:846,0,0.025,9.80665,0.0,0,-0.01,12.001711443038165,77.00032943267199,20.6136,20.798367963248886,2
39322,2019-09-08 10:08:25:946,0,0.025,9.80665,0.0,0,-0.01,12.001716256839472,77.00033130758848,20.6208,20.855663742761966,2
39422,2019-09-08 10:08:26:046,0,0.025,9.80665,0.0,0,-0.01,12.001721070484585,77.00033318808175,20.628000000000004,20.91295952227505,2
39522,2019-09-08 10:08:26:146,0,0.025,9.80665,0.0,0,-0.01,12.001725883967403,77.00033507415334,20.6352,20.970255301788132,2
39622,2019-09-08 10:08:26:246,0,0.025,9.80665,0.0,0,-0.01,12.001730697281827,77.00033696580482,20.642400000000002,21.027551081301215,2
39722,2019-09-08 10:08:26:346,0,0.025,9.80665,0.0,0,-0.01,12.001735510421751,77.00033886303771,20.6496,21.0848468608143,2
39822,2019-09-08 10:08:26:446,0,0.025,9.80665,0.0,0,-0.01,12.00174032338107,77.00034076585355,20.6568,21.14214264032738,2
39922,2019-09-08 10:08:26:546,0,0.025,9.80665,0.0,0,-0.01,12.001745136153671,77.00034267425389,20.664,21.199438419840458,2
40022,2019-09-08 10:08:26:646,0,0.025,9.80665,0.0,0,-0.01,12.001749948733442,77.0003445882402,20.6712,21.25673419935354,2
40122,2019-09-08 10:08:26:746,0,0.025,9.80665,0.0,0,-0.01,12.001754761114265,77.00034650781404,20.6784,21.31402997886663,2
40222,2019-09-08 10:08:26:846,0,0.025,9.80665,0.0,0,-0.01,12.001759573290023,77.00034843297689,20.6856,21.371325758379708,2
40322,2019-09-08 10:08:26:946,0,0.025,9.80665,0.0,0,-0.01,12.00176438525459,77.00035036373028,20.692800000000002,21.428621537892788,2
40422,2019-09-08 10:08:27:046,0,0.025,9.80665,0.0,0,-0.01,12.00176919700184,77.00035230007566,20.7,21.48591731740587,2
40522,2019-09-08 10:08:27:146,0,0.025,9.80665,0.0,0,-0.01,12.001774008525647,77.00035424201454,20.7072,21.543213096918954,2
40622,2019-09-08 10:08:27:246,0,0.025,9.80665,0.0,0,-0.01,12.001778819819874,77.0003561895484,20.7144,21.600508876432038,2
40722,2019-09-08 10:08:27:346,0,0.025,9.80665,0.0,0,-0.01,12.001783630878387,77.0003581426787,20.721600000000002,21.65780465594512,2
40822,2019-09-08 10:08:27:446,0,0.025,9.80665,0.0,0,-0.01,12.001788441695048,77.00036010140694,20.7288,21.7151004354582,2
40922,2019-09-08 10:08:27:546,0,0.025,9.80665,0.0,0,-0.01,12.001793252263717,77.00036206573454,20.736,21.772396214971284,2
41022,2019-09-08 10:08:27:646,0,0.025,9.80665,0.0,0,-0.01,12.001798062578244,77.00036403566294,20.7432,21.829691994484364,2
41122,2019-09-08 10:08:27:746,0,0.025,9.80665,0.0,0,-0.01,12.001802872632487,77.00036601119363,20.750400000000003,21.88698777399745,2
41222,2019-09-08 10:08:27:846,0,0.025,9.80665,0.0,0,-0.01,12.00180768242029,77.00036799232801,20.7576,21.944283553510534,2
41322,2019-09-08 10:08:27:946,0,0.025,9.80665,0.0,0,-0.01,12.001812491935501,77.00036997906753,20.7648,22.001579333023617,2
41422,2019-09-08 10:08:28:046,0,0.025,9.80665,0.0,0,-0.01,12.001817301171965,77.00037197141361,20.772,22.058875112536693,2
41522,2019-09-08 10:08:28:146,0,0.025,9.80665,0.0,0,-0.01,12.001822110123516,77.00037396936766,20.779200000000003,22.116170892049777,2
41622,2019-09-08 10:08:28:246,0,0.025,9.80665,0.0,0,-0.01,12.001826918783998,77.00037597293108,20.7864,22.17346667156286,2
41722,2019-09-08 10:08:28:346,0,0.025,9.80665,0.0,0,-0.01,12.001831727147238,77.00037798210529,20.7936,22.230762451075947,2
41822,2019-09-08 10:08:28:446,0,0.025,9.80665,0.0,0,-0.01,12.00183653520707,77.0003799968917,20.800800000000002,22.288058230589026,2
41922,2019-09-08 10:08:28:546,0,0.025,9.80665,0.0,0,-0.01,12.001841342957324,77.00038201729164,20.808,22.345354010102106,2
42022,2019-09-08 10:08:28:646,0,0.025,9.80665,0.0,0,-0.01,12.001846150391819,77.00038404330655,20.8152,22.40264978961519,2
42122,2019-09-08 10:08:28:746,0,0.025,9.80665,0.0,0,-0.01,12.00185095750438,77.00038607493778,20.8224,22.459945569128273,2
42222,2019-09-08 10:08:28:846,0,0.025,9.80665,0.0,0,-0.01,12.001855764288825,77.0003881121867,20.829600000000003,22.517241348641356,2
42322,2019-09-08 10:08:28:946,0,0.025,9.80665,0.0,0,-0.01,12.00186057073897,77.00039015505467,20.8368,22.57453712815444,2
42422,2019-09-08 10:08:29:046,0,0.025,9.80665,0.0,0,-0.01,12.001865376848627,77.00039220354304,20.844,22.63183290766752,2
42522,2019-09-08 10:08:29:146,0,0.025,9.80665,0.0,0,-0.01,12.001870182611606,77.00039425765316,20.8512,22.689128687180602,2
42622,2019-09-08 10:08:29:246,0,0.025,9.80665,0.0,0,-0.01,12.001874988021713,77.00039631738636,20.858400000000003,22.746424466693682,2
42722,2019-09-08 10:08:29:346,0,0.025,9.80665,0.0,0,-0.01,12.001879793072753,77.00039838274398,20.8656,22.80372024620677,2
42822,2019-09-08 10:08:29:446,0,0.025,9.80665,0.0,0,-0.01,12.001884597758526,77.00040045372735,20.8728,22.861016025719852,2
42922,2019-09-08 10:08:29:546,0,0.025,9.80665,0.0,0,-0.01,12.001889402072829,77.00040253033778,20.88,22.918311805232932,2
